app/Office/Model/Api.swift	34	init	3	12
app/Office/Model/Api.swift	58	resolve	2	9
app/Office/Model/Api.swift	68	flag	3	5
app/Office/Model/Api.swift	74	hasFlag	1	3
app/Office/Model/Api.swift	112	get	2	6
app/Office/Model/Api.swift	124	boardReply	2	4
app/Office/Model/Api.swift	137	get	1	5
app/Office/Model/Api.swift	218	get	2	11
app/Office/Model/Api.swift	238	get	3	16
app/Office/Model/Api.swift	268	answerGate	2	4
app/Office/Model/Api.swift	275	setDesk	2	5
app/Office/Model/Api.swift	283	setPins	2	4
app/Office/Model/Api.swift	294	saySession	2	4
app/Office/Model/Api.swift	304	startSession	3	6
app/Office/Model/Api.swift	315	decide	6	11
app/Office/Model/Api.swift	329	base	3	6
app/Office/Model/Api.swift	348	post	1	3
app/Office/Model/Api.swift	352	post	2	19
app/Office/Model/Api.swift	367	run	2	7
app/Office/Model/Api.swift	377	shortReason	4	13
app/Office/Model/Api.swift	391	check	3	10
app/Office/Model/Api.swift	404	decode	2	7
app/Office/Model/Api.swift	436	init	3	17
app/Office/Model/Api.swift	497	init	3	21
app/Office/Model/Api.swift	522	init	1	12
app/Office/Model/Api.swift	539	init	1	6
app/Office/Model/Api.swift	549	load	2	4
app/Office/Model/Api.swift	560	freshened	6	23
app/Office/Model/Api.swift	586	bots	1	1
app/Office/Model/Api.swift	587	gate	1	1
app/Office/Model/Api.swift	589	gates	1	3
app/Office/Model/Api.swift	595	board	4	21
app/Office/Model/Api.swift	623	boardReply	2	15
app/Office/Model/Api.swift	639	boardCompose	2	11
app/Office/Model/Api.swift	651	world	1	1
app/Office/Model/Api.swift	653	chat	1	3
app/Office/Model/Api.swift	660	reactionSeeds	1	8
app/Office/Model/Api.swift	673	automation	1	1
app/Office/Model/Api.swift	677	sessions	4	11
app/Office/Model/Api.swift	696	readme	2	9
app/Office/Model/Api.swift	712	search	10	38
app/Office/Model/Api.swift	751	sessionTranscript	1	3
app/Office/Model/Api.swift	759	context	4	19
app/Office/Model/Api.swift	782	saySession	1	11
app/Office/Model/Api.swift	797	startSession	1	4
app/Office/Model/Api.swift	802	hiddenDesks	1	3
app/Office/Model/Api.swift	809	setDesk	2	8
app/Office/Model/Api.swift	819	setPins	2	9
app/Office/Model/Api.swift	829	send	2	15
app/Office/Model/Api.swift	851	answerGate	5	14
app/Office/Model/Api.swift	866	decide	1	5
app/Office/Model/Api.swift	872	now	1	5
app/Office/Model/Attachment.swift	47	init	1	9
app/Office/Model/Attachment.swift	93	prepare	10	35
app/Office/Model/Attachment.swift	141	base64Length	1	3
app/Office/Model/Attachment.swift	145	fits	1	3
app/Office/Model/Attachment.swift	149	made	1	6
app/Office/Model/Attachment.swift	161	redraw	3	11
app/Office/Model/Attachment.swift	176	redrawOpaque	1	3
app/Office/Model/Attachment.swift	180	draw	4	16
app/Office/Model/Attachment.swift	197	encode	3	11
app/Office/Model/Attachment.swift	215	baseName	6	11
app/Office/Model/Automation.swift	49	init	1	1
app/Office/Model/Automation.swift	51	init	1	14
app/Office/Model/Automation.swift	91	init	1	1
app/Office/Model/Automation.swift	93	init	1	13
app/Office/Model/Automation.swift	141	init	1	1
app/Office/Model/Automation.swift	143	init	2	11
app/Office/Model/Automation.swift	158	init	1	3
app/Office/Model/Automation.swift	186	init	1	1
app/Office/Model/Automation.swift	188	init	1	13
app/Office/Model/Automation.swift	213	init	1	1
app/Office/Model/Automation.swift	215	init	1	7
app/Office/Model/Automation.swift	257	init	1	1
app/Office/Model/Automation.swift	259	init	1	15
app/Office/Model/Automation.swift	281	init	1	1
app/Office/Model/Automation.swift	329	init	1	1
app/Office/Model/Faces.swift	53	hash	2	8
app/Office/Model/Faces.swift	65	coat	1	3
app/Office/Model/Faces.swift	71	name	1	3
app/Office/Model/Faces.swift	83	normalise	3	6
app/Office/Model/Faces.swift	110	init	1	3
app/Office/Model/Faces.swift	117	init	1	5
app/Office/Model/Faces.swift	126	isChosen	1	1
app/Office/Model/Faces.swift	131	choose	1	3
app/Office/Model/Faces.swift	132	set	1	5
app/Office/Model/GateAnswer.swift	20	decide	1	3
app/Office/Model/GateAnswer.swift	32	decide	3	6
app/Office/Model/Models.swift	17	str	1	1
app/Office/Model/Models.swift	18	bool	1	1
app/Office/Model/Models.swift	19	int	1	1
app/Office/Model/Models.swift	20	dbl	1	1
app/Office/Model/Models.swift	21	list	1	3
app/Office/Model/Models.swift	32	loose	6	7
app/Office/Model/Models.swift	66	init	1	6
app/Office/Model/Models.swift	77	init	3	8
app/Office/Model/Models.swift	99	init	1	5
app/Office/Model/Models.swift	122	init	1	12
app/Office/Model/Models.swift	139	init	1	11
app/Office/Model/Models.swift	161	init	1	6
app/Office/Model/Models.swift	168	init	1	4
app/Office/Model/Models.swift	180	init	1	5
app/Office/Model/Models.swift	203	init	1	6
app/Office/Model/Models.swift	212	init	1	7
app/Office/Model/Models.swift	240	init	1	4
app/Office/Model/Models.swift	247	init	1	5
app/Office/Model/Models.swift	280	init	1	14
app/Office/Model/Models.swift	302	init	1	13
app/Office/Model/Models.swift	349	init	1	18
app/Office/Model/Models.swift	372	init	1	15
app/Office/Model/Models.swift	397	init	1	6
app/Office/Model/Models.swift	406	init	1	7
app/Office/Model/Models.swift	463	init	1	23
app/Office/Model/Models.swift	494	init	1	17
app/Office/Model/Models.swift	529	init	1	9
app/Office/Model/Models.swift	545	init	1	9
app/Office/Model/Models.swift	562	init	1	1
app/Office/Model/Models.swift	566	init	1	4
app/Office/Model/Models.swift	577	init	1	1
app/Office/Model/Models.swift	581	init	1	4
app/Office/Model/Models.swift	606	init	1	12
app/Office/Model/Models.swift	625	init	1	11
app/Office/Model/Models.swift	659	init	1	5
app/Office/Model/Models.swift	667	init	1	6
app/Office/Model/Models.swift	688	init	1	3
app/Office/Model/Models.swift	698	init	1	5
app/Office/Model/Models.swift	706	init	1	6
app/Office/Model/Models.swift	730	init	1	5
app/Office/Model/Models.swift	738	init	1	6
app/Office/Model/Models.swift	777	init	1	12
app/Office/Model/Models.swift	800	init	3	17
app/Office/Model/Models.swift	851	init	1	10
app/Office/Model/Models.swift	867	init	1	9
app/Office/Model/Models.swift	900	init	1	7
app/Office/Model/Models.swift	910	init	1	6
app/Office/Model/Models.swift	922	adopt	4	7
app/Office/Model/Models.swift	934	init	1	2
app/Office/Model/Models.swift	954	init	1	8
app/Office/Model/Models.swift	965	init	1	8
app/Office/Model/Models.swift	995	init	1	12
app/Office/Model/Models.swift	1012	init	1	11
app/Office/Model/Models.swift	1027	opening	1	3
app/Office/Model/Models.swift	1060	recent	5	11
app/Office/Model/Models.swift	1086	init	6	25
app/Office/Model/Models.swift	1124	parse	9	15
app/Office/Model/Models.swift	1145	init	1	1
app/Office/Model/Models.swift	1172	init	1	16
app/Office/Model/Models.swift	1194	init	2	19
app/Office/Model/Models.swift	1220	ordered	1	5
app/Office/Model/Models.swift	1234	init	1	6
app/Office/Model/Models.swift	1248	init	1	5
app/Office/Model/Models.swift	1263	init	1	6
app/Office/Model/Models.swift	1272	init	1	7
app/Office/Model/Models.swift	1307	init	1	11
app/Office/Model/Models.swift	1321	init	1	10
app/Office/Model/Models.swift	1362	init	9	13
app/Office/Model/Models.swift	1437	init	1	20
app/Office/Model/Models.swift	1464	init	1	17
app/Office/Model/Models.swift	1534	init	1	13
app/Office/Model/Models.swift	1552	init	1	12
app/Office/Model/Models.swift	1625	init	1	12
app/Office/Model/Models.swift	1642	init	1	11
app/Office/Model/Models.swift	1672	init	1	11
app/Office/Model/Models.swift	1688	init	1	10
app/Office/Model/Palette.swift	28	init	1	5
app/Office/Model/Palette.swift	36	init	3	13
app/Office/Model/Palette.swift	49	init	1	8
app/Office/Model/Palette.swift	58	channel	2	3
app/Office/Model/Palette.swift	65	contrast	1	4
app/Office/Model/Palette.swift	70	mixed	1	6
app/Office/Model/Palette.swift	83	init	1	4
app/Office/Model/Palette.swift	88	init	1	3
app/Office/Model/Palette.swift	89	init	2	3
app/Office/Model/Palette.swift	155	surface	7	16
app/Office/Model/Palette.swift	193	contrast	1	3
app/Office/Model/Preferences.swift	95	set	9	39
app/Office/Model/Preferences.swift	145	init	2	2
app/Office/Model/Preferences.swift	166	set	1	5
app/Office/Model/Preferences.swift	184	init	1	5
app/Office/Model/Preferences.swift	211	set	1	4
app/Office/Model/Preferences.swift	224	set	2	7
app/Office/Model/Preferences.swift	247	set	3	9
app/Office/Model/Preferences.swift	261	clearFace	1	4
app/Office/Model/Reactions.swift	87	init	1	4
app/Office/Model/Reactions.swift	109	key	1	4
app/Office/Model/Reactions.swift	121	fingerprint	2	8
app/Office/Model/Reactions.swift	132	reaction	1	3
app/Office/Model/Reactions.swift	141	toggle	2	9
app/Office/Model/Reactions.swift	151	clear	1	4
app/Office/Model/Reactions.swift	171	seed	2	5
app/Office/Model/Reactions.swift	186	seed	4	9
app/Office/Model/Sessions.swift	47	init	1	1
app/Office/Model/Sessions.swift	49	init	1	9
app/Office/Model/Sessions.swift	59	init	1	9
app/Office/Model/Sessions.swift	115	init	1	1
app/Office/Model/Sessions.swift	117	init	1	9
app/Office/Model/Sessions.swift	127	init	1	17
app/Office/Model/Sessions.swift	154	init	1	1
app/Office/Model/Sessions.swift	156	init	1	6
app/Office/Model/Sessions.swift	176	init	1	1
app/Office/Model/Sessions.swift	178	init	1	6
app/Office/Model/Sessions.swift	185	init	1	8
app/Office/Model/StateRules.swift	75	outcomeLabel	2	3
app/Office/Model/StateRules.swift	87	deskState	8	10
app/Office/Model/StateRules.swift	99	deskState	1	3
app/Office/Model/StateRules.swift	113	needsHuman	1	3
app/Office/Model/StateRules.swift	117	waitingCount	1	3
app/Office/Model/StateRules.swift	132	init	1	4
app/Office/Model/StateRules.swift	170	needsQueue	8	24
app/Office/Model/StateRules.swift	211	catchUp	6	13
app/Office/Model/StateRules.swift	237	attachGate	1	3
app/Office/Model/StateRules.swift	261	init	12	28
app/Office/Model/StateRules.swift	294	deskOfItsOwn	4	6
app/Office/Model/StateRules.swift	312	gateDesks	2	4
app/Office/Model/StateRules.swift	324	placement	3	7
app/Office/Model/StateRules.swift	340	gateShown	5	11
app/Office/Model/StateRules.swift	355	gate	4	4
app/Office/Model/StateRules.swift	360	gateBelongsTo	1	3
app/Office/Model/StateRules.swift	369	gateQueueLine	5	10
app/Office/Model/StateRules.swift	387	names	3	7
app/Office/Model/StateRules.swift	398	contains	6	11
app/Office/Model/StateRules.swift	410	edge	3	4
app/Office/Model/StateRules.swift	425	visibleDesks	7	14
app/Office/Model/StateRules.swift	445	init	1	4
app/Office/Model/StateRules.swift	494	roster	8	32
app/Office/Model/StateRules.swift	537	sorted	12	25
app/Office/Model/StateRules.swift	538	byName	1	3
app/Office/Model/StateRules.swift	569	moved	4	13
app/Office/Model/StateRules.swift	600	putAwayDesks	2	4
app/Office/Model/StateRules.swift	608	putAwayNeedingAPerson	1	4
app/Office/Model/StateRules.swift	615	putAwayHeadline	2	7
app/Office/Model/StateRules.swift	626	polledLine	1	6
app/Office/Model/StateRules.swift	664	mood	3	4
app/Office/Model/StateRules.swift	677	read	1	3
app/Office/Model/StateRules.swift	682	tone	1	3
app/Office/Model/StateRules.swift	692	tone	1	1
app/Office/Model/StateRules.swift	700	gap	4	8
app/Office/Model/StateRules.swift	715	sectionOrder	3	9
app/Office/Model/StateRules.swift	725	rank	4	5
app/Office/Model/StateRules.swift	736	visibleSections	5	11
app/Office/Model/StateRules.swift	749	sectionSubtitle	1	3
app/Office/Model/StateRules.swift	757	sectionBadge	2	3
app/Office/Model/StateRules.swift	763	wallNeeds	1	3
app/Office/Model/StateRules.swift	768	wallLine	2	4
app/Office/Model/StateRules.swift	773	visibleBots	4	9
app/Office/Model/StateRules.swift	790	lastLine	1	3
app/Office/Model/StateRules.swift	809	plain	6	18
app/Office/Model/StateRules.swift	831	isRule	2	4
app/Office/Model/StateRules.swift	838	blockMarkerOff	2	5
app/Office/Model/StateRules.swift	849	inlineSyntaxOff	1	10
app/Office/Model/StateRules.swift	860	replace	2	6
app/Office/Model/StateRules.swift	884	shouldFollow	1	4
app/Office/Model/StateRules.swift	891	newRepliesLine	3	4
app/Office/Model/StateRules.swift	902	botSubtitle	2	4
app/Office/Model/StateRules.swift	907	line	2	6
app/Office/Model/StateRules.swift	922	date	3	7
app/Office/Model/StateRules.swift	932	stamp	4	14
app/Office/Model/StateRules.swift	953	moment	2	5
app/Office/Model/StateRules.swift	959	moment	3	14
app/Office/Model/StateRules.swift	989	isStale	2	4
app/Office/Model/StateRules.swift	999	asOf	4	7
app/Office/Model/StateRules.swift	1021	staleNotice	6	18
app/Office/Model/StateRules.swift	1044	waited	3	6
app/Office/Model/Store.swift	74	set	1	27
app/Office/Model/Store.swift	139	didSet	2	4
app/Office/Model/Store.swift	172	set	1	4
app/Office/Model/Store.swift	175	didSet	1	1
app/Office/Model/Store.swift	182	set	1	3
app/Office/Model/Store.swift	186	smallerType	1	1
app/Office/Model/Store.swift	187	resetType	1	1
app/Office/Model/Store.swift	189	applyBotVisibility	1	4
app/Office/Model/Store.swift	190	set	3	2
app/Office/Model/Store.swift	195	selectVisibleFloor	3	9
app/Office/Model/Store.swift	248	draftKey	1	1
app/Office/Model/Store.swift	252	draftKey	1	1
app/Office/Model/Store.swift	256	draftKey	1	1
app/Office/Model/Store.swift	275	set	1	6
app/Office/Model/Store.swift	290	didSet	1	1
app/Office/Model/Store.swift	301	init	1	15
app/Office/Model/Store.swift	353	isPinned	1	1
app/Office/Model/Store.swift	388	section	1	1
app/Office/Model/Store.swift	392	isHidden	1	3
app/Office/Model/Store.swift	398	bot	1	1
app/Office/Model/Store.swift	399	station	1	1
app/Office/Model/Store.swift	403	gateBelongsTo	1	3
app/Office/Model/Store.swift	411	gate	2	3
app/Office/Model/Store.swift	428	gateShown	1	3
app/Office/Model/Store.swift	434	start	2	7
app/Office/Model/Store.swift	442	stop	1	4
app/Office/Model/Store.swift	447	pollFast	2	8
app/Office/Model/Store.swift	456	pollWorld	3	8
app/Office/Model/Store.swift	483	pollSessions	3	7
app/Office/Model/Store.swift	491	refreshBots	5	17
app/Office/Model/Store.swift	511	refreshGate	5	13
app/Office/Model/Store.swift	538	apply	4	16
app/Office/Model/Store.swift	559	refreshWorld	6	24
app/Office/Model/Store.swift	598	refreshSessions	6	27
app/Office/Model/Store.swift	631	sessions	3	5
app/Office/Model/Store.swift	639	tab	1	1
app/Office/Model/Store.swift	641	context	1	1
app/Office/Model/Store.swift	643	contextError	1	1
app/Office/Model/Store.swift	645	isLoadingContext	1	1
app/Office/Model/Store.swift	650	showsLocalContext	2	3
app/Office/Model/Store.swift	659	showContext	2	5
app/Office/Model/Store.swift	672	set	1	4
app/Office/Model/Store.swift	678	setEditingContext	2	3
app/Office/Model/Store.swift	682	showWork	1	3
app/Office/Model/Store.swift	689	show	4	7
app/Office/Model/Store.swift	700	showFeed	2	5
app/Office/Model/Store.swift	712	open	2	6
app/Office/Model/Store.swift	726	loadContext	14	32
app/Office/Model/Store.swift	760	reloadContext	2	3
app/Office/Model/Store.swift	767	saveContext	3	8
app/Office/Model/Store.swift	790	scheduleSearch	6	31
app/Office/Model/Store.swift	827	open	1	3
app/Office/Model/Store.swift	831	openSessionThread	1	4
app/Office/Model/Store.swift	836	loadSessionTranscript	5	9
app/Office/Model/Store.swift	853	replyToSession	4	17
app/Office/Model/Store.swift	881	feed	1	4
app/Office/Model/Store.swift	889	feedAccount	9	10
app/Office/Model/Store.swift	900	refreshFeed	6	17
app/Office/Model/Store.swift	931	postToFeed	4	12
app/Office/Model/Store.swift	946	openFeed	2	10
app/Office/Model/Store.swift	959	replyToPost	5	15
app/Office/Model/Store.swift	978	startSession	4	12
app/Office/Model/Store.swift	991	refreshSelectedChat	4	4
app/Office/Model/Store.swift	996	loadChat	3	8
app/Office/Model/Store.swift	1009	select	6	9
app/Office/Model/Store.swift	1034	set	2	23
app/Office/Model/Store.swift	1038	set	6	23
app/Office/Model/Store.swift	1086	remember	1	3
app/Office/Model/Store.swift	1090	marked	3	9
app/Office/Model/Store.swift	1106	answerGate	5	18
app/Office/Model/Store.swift	1130	say	1	4
app/Office/Model/Store.swift	1147	setDesk	5	16
app/Office/Model/Store.swift	1165	setPin	3	5
app/Office/Model/Store.swift	1172	movePin	2	5
app/Office/Model/Store.swift	1180	savePins	4	14
app/Office/Model/Store.swift	1195	decide	3	17
app/Office/Model/Store.swift	1215	askToNotify	2	6
app/Office/Model/Store.swift	1222	announce	2	13
app/Office/Model/Store.swift	1240	nowISO	1	5
app/Office/OfficeApp.swift	41	applicationDidFinishLaunching	1	7
app/Office/OfficeApp.swift	58	watchTypeKeys	5	15
app/Office/OfficeApp.swift	77	application	3	7
app/Office/OfficeApp.swift	86	applicationShouldTerminateAfterLastWindowClosed	1	1
app/Office/OfficeApp.swift	88	applicationShouldHandleReopen	2	4
app/Office/OfficeApp.swift	94	showOffice	3	23
app/Office/OfficeApp.swift	136	reveal	2	8
app/Office/OfficeApp.swift	205	detail	3	9
app/Office/OfficeApp.swift	220	selected	12	32
app/Office/OfficeApp.swift	291	image	7	25
app/Office/Shot/ShotHarness.swift	62	forceAppearanceIfAsked	3	4
app/Office/Shot/ShotHarness.swift	70	startIfAsked	2	5
app/Office/Shot/ShotHarness.swift	76	run	18	129
app/Office/Shot/ShotHarness.swift	163	set	2	11
app/Office/Shot/ShotHarness.swift	362	quietDesk	4	5
app/Office/Shot/ShotHarness.swift	377	searchWord	4	9
app/Office/Shot/ShotHarness.swift	387	deskWithASession	1	4
app/Office/Shot/ShotHarness.swift	401	frame	2	9
app/Office/Shot/ShotHarness.swift	421	scrollDetailToEnd	3	12
app/Office/Shot/ShotHarness.swift	424	walk	2	4
app/Office/Shot/ShotHarness.swift	437	officeWindow	4	8
app/Office/Shot/ShotHarness.swift	446	place	3	16
app/Office/Shot/ShotHarness.swift	476	parkTheCursor	2	8
app/Office/Shot/ShotHarness.swift	497	captureQuietly	6	42
app/Office/Shot/ShotHarness.swift	568	init	3	18
app/Office/Shot/ShotHarness.swift	593	preferredBot	2	4
app/Office/Shot/ShotHarness.swift	601	deskWithWork	3	8
app/Office/Shot/ShotHarness.swift	617	deskWithContext	6	12
app/Office/Shot/ShotHarness.swift	637	sectionNeedingAPerson	2	6
app/Office/Shot/ShotHarness.swift	644	deskNeedingAPerson	1	4
app/Office/Shot/ShotHarness.swift	653	deskShowingOldData	3	8
app/Office/Shot/ShotHarness.swift	662	settle	1	3
app/Office/Shot/ShotHarness.swift	666	say	1	3
app/Office/Views/AutomationView.swift	85	notice	1	5
app/Office/Views/AutomationView.swift	141	fact	2	9
app/Office/Views/AutomationView.swift	156	init	1	4
app/Office/Views/BotThreadView.swift	43	get	1	1
app/Office/Views/BotThreadView.swift	315	send	3	6
app/Office/Views/BotThreadView.swift	328	pick	2	10
app/Office/Views/BotThreadView.swift	339	take	4	15
app/Office/Views/BotThreadView.swift	362	watchForPastedPictures	3	11
app/Office/Views/BotThreadView.swift	374	stopWatchingForPastedPictures	2	4
app/Office/Views/BotThreadView.swift	379	pictureOnTheClipboard	6	22
app/Office/Views/BotThreadView.swift	408	attach	3	12
app/Office/Views/BotThreadView.swift	471	reduce	1	1
app/Office/Views/BotThreadView.swift	476	reduce	1	1
app/Office/Views/BotThreadView.swift	570	copy	1	10
app/Office/Views/BotThreadView.swift	650	answer	1	3
app/Office/Views/DeskThreadView.swift	125	cardID	1	1
app/Office/Views/DeskThreadView.swift	148	get	1	1
app/Office/Views/DeskThreadView.swift	401	folder	4	30
app/Office/Views/DeskThreadView.swift	432	entry	4	41
app/Office/Views/DeskThreadView.swift	475	copy	4	19
app/Office/Views/DeskThreadView.swift	578	init	1	8
app/Office/Views/DeskThreadView.swift	610	scheduleAutosave	5	17
app/Office/Views/DeskThreadView.swift	631	persistDraft	5	18
app/Office/Views/DeskThreadView.swift	702	get	1	1
app/Office/Views/DeskThreadView.swift	841	apply	4	14
app/Office/Views/FacePicker.swift	40	get	1	1
app/Office/Views/FacePicker.swift	71	commit	2	4
app/Office/Views/FeedView.swift	95	chip	5	15
app/Office/Views/FeedView.swift	133	publish	2	6
app/Office/Views/FeedView.swift	334	mentioned	4	14
app/Office/Views/FeedView.swift	349	send	2	10
app/Office/Views/GateSheet.swift	136	answer	1	8
app/Office/Views/Markdown.swift	32	render	2	14
app/Office/Views/Markdown.swift	49	safe	6	10
app/Office/Views/Markdown.swift	83	==	8	13
app/Office/Views/Markdown.swift	117	blocks	3	9
app/Office/Views/Markdown.swift	138	frontmatter	6	22
app/Office/Views/Markdown.swift	166	parse	17	70
app/Office/Views/Markdown.swift	257	tableCell	9	18
app/Office/Views/Markdown.swift	284	kind	16	32
app/Office/Views/Markdown.swift	323	bullet	3	7
app/Office/Views/Markdown.swift	335	checkbox	5	13
app/Office/Views/Markdown.swift	367	init	1	6
app/Office/Views/Markdown.swift	390	draw	15	102
app/Office/Views/Markdown.swift	513	headingSize	5	9
app/Office/Views/Markdown.swift	530	inline	2	8
app/Office/Views/NeedsView.swift	46	head	2	14
app/Office/Views/NeedsView.swift	109	count	1	11
app/Office/Views/RosterView.swift	107	deskRow	5	40
app/Office/Views/RosterView.swift	144	get	1	1
app/Office/Views/RosterView.swift	154	pinnedRow	1	6
app/Office/Views/RosterView.swift	167	groupHeader	1	12
app/Office/Views/RosterView.swift	182	rowID	1	1
app/Office/Views/RosterView.swift	314	workBoardLine	5	8
app/Office/Views/RosterView.swift	436	header	1	11
app/Office/Views/RosterView.swift	531	fileRow	4	37
app/Office/Views/RosterView.swift	569	notary	1	7
app/Office/Views/RosterView.swift	577	counter	1	7
app/Office/Views/RosterView.swift	775	say	2	4
app/Office/Views/RosterView.swift	787	validateDrop	1	3
app/Office/Views/RosterView.swift	791	dropEntered	1	3
app/Office/Views/RosterView.swift	795	dropUpdated	1	3
app/Office/Views/RosterView.swift	799	performDrop	3	15
app/Office/Views/RosterView.swift	824	validateDrop	1	3
app/Office/Views/RosterView.swift	828	dropUpdated	1	3
app/Office/Views/RosterView.swift	832	performDrop	3	15
app/Office/Views/RosterView.swift	853	deskDrop	1	3
app/Office/Views/RosterView.swift	859	ifPickedUp	2	10
app/Office/Views/RosterView.swift	872	pinDrop	1	4
app/Office/Views/RosterView.swift	880	ifDropsIntoPins	3	9
app/Office/Views/SectionView.swift	198	grouped	3	9
app/Office/Views/SectionView.swift	219	init	2	6
app/Office/Views/SessionsView.swift	231	get	1	1
app/Office/Views/SessionsView.swift	259	send	1	4
app/Office/Views/SettingsPopover.swift	98	colorBinding	3	4
app/Office/Views/SettingsPopover.swift	99	get	1	1
app/Office/Views/SettingsPopover.swift	111	label	1	5
app/Office/Views/Theme.swift	54	tone	6	9
app/Office/Views/Theme.swift	66	color	1	1
app/Office/Views/Theme.swift	67	color	1	1
app/Office/Views/Theme.swift	83	get	1	1
app/Office/Views/Theme.swift	84	set	1	1
app/Office/Views/Theme.swift	88	get	1	1
app/Office/Views/Theme.swift	89	set	1	1
app/Office/Views/Theme.swift	92	get	1	1
app/Office/Views/Theme.swift	93	set	1	1
app/Office/Views/Theme.swift	119	body	4	8
app/Office/Views/Theme.swift	134	makeBody	1	6
app/Office/Views/Theme.swift	143	officeFont	1	7
app/Office/Views/Theme.swift	153	officeSymbol	1	3
app/Office/Views/Theme.swift	157	officeLabel	1	5
app/Office/Views/Theme.swift	196	init	4	17
app/Office/Views/Theme.swift	204	init	1	7
app/OfficeTests/AttachmentTests.swift	20	bitmap	4	22
app/OfficeTests/AttachmentTests.swift	43	encoded	3	9
app/OfficeTests/AttachmentTests.swift	53	decoded	1	6
app/OfficeTests/AttachmentTests.swift	62	testAFourThousandPixelPhotographComesBackAtTwelveHundredAndFitsTheDoor	1	13
app/OfficeTests/AttachmentTests.swift	78	testANarrowPictureIsMeasuredOnItsLongSideAndNotItsWidth	1	6
app/OfficeTests/AttachmentTests.swift	85	testAPictureAlreadySmallerThanTheLimitIsNotBlownUpToReachIt	1	6
app/OfficeTests/AttachmentTests.swift	94	testATinyPNGStaysAPNG	1	8
app/OfficeTests/AttachmentTests.swift	103	testAPhotographSavedAsAPNGBecomesAJPEGBecauseTheJPEGIsSmaller	1	7
app/OfficeTests/AttachmentTests.swift	113	testATIFFBecomesAJPEG	1	7
app/OfficeTests/AttachmentTests.swift	121	testAGIFBecomesAJPEG	1	6
app/OfficeTests/AttachmentTests.swift	128	testAHEICBecomesAJPEG	2	9
app/OfficeTests/AttachmentTests.swift	140	testGarbageBytesAreNotAPicture	1	5
app/OfficeTests/AttachmentTests.swift	146	testAPDFIsNotSentAsAPicture	1	4
app/OfficeTests/AttachmentTests.swift	155	testTheMessageEatsIntoTheSamePayloadTheDoorMeasures	1	7
app/OfficeTests/AttachmentTests.swift	163	testAPayloadThatCannotBeMadeToFitIsRefusedRatherThanSentTooBig	1	5
app/OfficeTests/AttachmentTests.swift	171	testTheBase64IsStrictWithNoPrefixAndNoWhitespace	1	7
app/OfficeTests/AttachmentTests.swift	179	testTheBase64LengthArithmeticIsTheOneTheDoorMeasures	1	7
app/OfficeTests/AttachmentTests.swift	189	testANameThatCameFromAnotherMachineIsMadeSafe	1	7
app/OfficeTests/AttachmentTests.swift	197	testSomethingWithNoNameLeftIsStillCalledSomething	1	5
app/OfficeTests/AttachmentTests.swift	203	testTheReadableSizeIsTheOneAPersonSeesNextToTheName	1	8
app/OfficeTests/AutomationTests.swift	4	testRecentRunsUnifiesFamiliesNewestFirst	1	22
app/OfficeTests/FacesTests.swift	16	testTheHashIsTheOneTheVillagersUsed	1	5
app/OfficeTests/FacesTests.swift	24	testAFaceIsAPureFunctionOfTheRepoPath	1	8
app/OfficeTests/FacesTests.swift	38	testThePaletteIsFourteenDistinctColoursAndAllOfThemAreUsed	2	7
app/OfficeTests/FacesTests.swift	48	testEveryCoatParses	2	6
app/OfficeTests/FacesTests.swift	57	testHexIsAcceptedTheWayAPersonWritesItAndRefusedOtherwise	2	8
app/OfficeTests/FacesTests.swift	69	testChoosingADeskColourSticksAndResettingGivesTheCoatBack	1	13
app/OfficeTests/FacesTests.swift	89	testAnUnparseableHexIsRefusedRatherThanStored	1	7
app/OfficeTests/FacesTests.swift	101	testAStoreWithNoDefaultsNeverWritesAnything	1	10
app/OfficeTests/FileTreeTests.swift	5	file	1	4
app/OfficeTests/FileTreeTests.swift	10	aged	1	4
app/OfficeTests/FileTreeTests.swift	16	desk	1	6
app/OfficeTests/FileTreeTests.swift	23	test_recent_is_newest_first_and_small	1	5
app/OfficeTests/FileTreeTests.swift	29	test_an_old_desk_offers_nothing_recent	1	5
app/OfficeTests/FileTreeTests.swift	35	test_a_short_index_needs_no_shortcut	1	5
app/OfficeTests/FileTreeTests.swift	41	test_a_missing_or_future_mtime_is_never_recent	1	7
app/OfficeTests/FileTreeTests.swift	49	test_recent_is_capped_and_ties_break_on_path	1	8
app/OfficeTests/FileTreeTests.swift	58	test_folders_are_read_off_the_paths_and_drawn_once_each	1	8
app/OfficeTests/FileTreeTests.swift	67	test_a_shut_folder_hides_everything_under_it_and_counts_it	1	7
app/OfficeTests/FileTreeTests.swift	75	test_a_folder_shut_under_an_open_one_hides_only_its_own	1	5
app/OfficeTests/FileTreeTests.swift	81	test_an_empty_index_is_no_rows	1	3
app/OfficeTests/GateAnswerTests.swift	15	testAMatchPostsTheIdThatWasOnScreen	1	4
app/OfficeTests/GateAnswerTests.swift	20	testAMismatchPostsNothing	1	5
app/OfficeTests/GateAnswerTests.swift	26	testNoLiveGatePostsNothing	1	6
app/OfficeTests/GateAnswerTests.swift	33	testAnEmptyIdIsNeverPosted	1	4
app/OfficeTests/GateAnswerTests.swift	43	testTheSecondHandsIdIsPostedWhileTheFirstIsStillWaiting	1	5
app/OfficeTests/GateAnswerTests.swift	49	testAnIdNobodyInTheRoomIsAskingIsNeverPosted	1	7
app/OfficeTests/GateAnswerTests.swift	60	testAQuestionThatLeftTakesItsClickWithItRatherThanHandingItToTheNextOne	1	4
app/OfficeTests/GateAnswerTests.swift	65	testOnlyAPendingHandCountsAsAQuestion	1	5
app/OfficeTests/GateAnswerTests.swift	73	gate	1	4
app/OfficeTests/GatesResponseTests.swift	11	testTwoHandsArriveInTheOrderTheyWentUp	1	16
app/OfficeTests/GatesResponseTests.swift	28	testAnEmptyFloorIsAnEmptyListAndNotAnError	1	5
app/OfficeTests/GatesResponseTests.swift	34	testAHarnessThatIsDownSaysSoWithoutInventingAQuestion	1	6
app/OfficeTests/GatesResponseTests.swift	41	testAMissingGatesKeyIsAQuietFloorRatherThanACrash	1	6
app/OfficeTests/GatesResponseTests.swift	50	testOneMalformedEntryDropsItselfAndNobodyElse	1	12
app/OfficeTests/GatesResponseTests.swift	66	testAThinEntryIsKeptRatherThanDropped	1	6
app/OfficeTests/GatesResponseTests.swift	77	testTheDoorsOwnShapeDecodesNullsAndAll	1	18
app/OfficeTests/GatesResponseTests.swift	99	testAnyWordForTroubleIsStillNobodyWaiting	2	7
app/OfficeTests/GatesResponseTests.swift	107	read	1	3
app/OfficeTests/IssueDecisionTests.swift	12	decode	1	3
app/OfficeTests/IssueDecisionTests.swift	16	testAStatedQuestionArrivesWithItsOptions	2	17
app/OfficeTests/IssueDecisionTests.swift	37	testTheRecommendedOptionIsFirstAndKeepsItsOwnNumber	1	14
app/OfficeTests/IssueDecisionTests.swift	52	testAnIssueWithNeitherKeyIsStillAnIssue	1	10
app/OfficeTests/IssueDecisionTests.swift	63	testALandedPullRequestNumberArrives	1	8
app/OfficeTests/IssueDecisionTests.swift	74	testAQuestionWithNoOptionsIsNotADecisionToDraw	1	7
app/OfficeTests/IssueDecisionTests.swift	82	testANullDecisionIsAnIssueWithoutOne	1	7
app/OfficeTests/IssueDecisionTests.swift	90	testADecisionOfTheWrongShapeDoesNotFailTheWholeIssue	1	8
app/OfficeTests/IssueDecisionTests.swift	101	testTheQueuePutsQuestionsFirstThenMergesThenParks	1	24
app/OfficeTests/IssueDecisionTests.swift	130	testCatchUpCountsNothingWithoutAStamp	1	3
app/OfficeTests/IssueDecisionTests.swift	134	testCatchUpCountsOnlyWhatHappenedAfterTheStamp	1	7
app/OfficeTests/IssueDecisionTests.swift	142	demoAutomation	1	9
app/OfficeTests/IssueDecisionTests.swift	154	testTheDemoFloorCarriesAFourOptionQuestionAndAMergeButton	1	17
app/OfficeTests/OfficeURLTests.swift	4	test_the_one_shape_that_opens_a_file	1	4
app/OfficeTests/OfficeURLTests.swift	9	test_a_percent_encoded_path_comes_back_as_a_path	1	4
app/OfficeTests/OfficeURLTests.swift	14	test_anything_that_is_not_a_relative_file_in_a_repo_is_not_a_request	2	11
app/OfficeTests/PaletteTests.swift	16	testContrastAgreesWithTheTwoValuesEverybodyKnows	1	8
app/OfficeTests/PaletteTests.swift	26	testLuminanceIsTheWcagOne	1	5
app/OfficeTests/PaletteTests.swift	34	testHexParsesAndFallsBackRatherThanCrashing	1	9
app/OfficeTests/PaletteTests.swift	47	testEveryLightColourClearsTheReadableFloor	3	12
app/OfficeTests/PaletteTests.swift	63	testTheLegibilityTableActuallyCoversTheRoom	4	14
app/OfficeTests/PaletteTests.swift	84	testTheDarkValuesAreTheOnesThatWereAlreadyHere	1	15
app/OfficeTests/PaletteTests.swift	100	testTheEightDeskColoursStillReadTheSameInTheDark	2	16
app/OfficeTests/PaletteTests.swift	117	testTheThreeWallColoursHaveBothRooms	2	6
app/OfficeTests/PaletteTests.swift	126	testEverySwatchIsAPairAndNotOneColourTwice	2	9
app/OfficeTests/PaletteTests.swift	138	testTheLightSurfacesAreDistinguishableFromEachOther	2	13
app/OfficeTests/PreferencesTests.swift	19	setUp	1	6
app/OfficeTests/PreferencesTests.swift	26	tearDown	1	6
app/OfficeTests/PreferencesTests.swift	35	set	1	10
app/OfficeTests/PreferencesTests.swift	76	set	1	8
app/OfficeTests/PreferencesTests.swift	90	test_a_step_lands_on_the_next_named_size_and_survives_a_relaunch	1	10
app/OfficeTests/PreferencesTests.swift	101	test_the_scale_stops_at_both_ends_rather_than_running_away	3	7
app/OfficeTests/PreferencesTests.swift	119	set	1	6
app/OfficeTests/PreferencesTests.swift	147	set	1	12
app/OfficeTests/PreferencesTests.swift	195	set	1	10
app/OfficeTests/PreferencesTests.swift	208	set	1	19
app/OfficeTests/PullRequestTests.swift	11	decode	1	3
app/OfficeTests/PullRequestTests.swift	15	testTheBodyArrivesWithTheRest	2	13
app/OfficeTests/PullRequestTests.swift	29	testAHumanPullRequestIsVisibleButCannotMergeFromTheOffice	1	10
app/OfficeTests/PullRequestTests.swift	40	testAnOlderSnapshotStillTreatsItsPipelineOnlyRowsAsPipelineWork	1	8
app/OfficeTests/PullRequestTests.swift	51	testAMissingBodyIsAnEmptyStringAndNotAFailedDecode	2	7
app/OfficeTests/PullRequestTests.swift	61	testANullBodyIsStillAPullRequest	1	7
app/OfficeTests/PullRequestTests.swift	72	testTheDemoFloorCarriesAPullRequestBodyToPhotograph	1	17
app/OfficeTests/ReactionsTests.swift	12	turn	1	4
app/OfficeTests/ReactionsTests.swift	18	store	1	1
app/OfficeTests/ReactionsTests.swift	22	test_a_mark_stays_on_its_own_sentence_when_the_thread_grows	1	10
app/OfficeTests/ReactionsTests.swift	36	test_the_same_words_in_two_threads_are_two_turns	1	8
app/OfficeTests/ReactionsTests.swift	46	test_the_same_words_from_each_side_are_two_turns	1	5
app/OfficeTests/ReactionsTests.swift	52	test_two_turns_a_minute_apart_are_two_turns	1	8
app/OfficeTests/ReactionsTests.swift	64	test_identical_untimestamped_turns_share_a_mark_and_that_is_known	1	7
app/OfficeTests/ReactionsTests.swift	73	test_the_fingerprint_is_stable_and_not_the_seeded_hasher	1	6
app/OfficeTests/ReactionsTests.swift	82	test_the_same_mark_twice_takes_it_off	1	8
app/OfficeTests/ReactionsTests.swift	91	test_a_different_mark_replaces_rather_than_stacks	1	8
app/OfficeTests/ReactionsTests.swift	100	test_clear_removes_it	1	7
app/OfficeTests/ReactionsTests.swift	110	test_a_seed_fills_an_empty_store	1	6
app/OfficeTests/ReactionsTests.swift	121	test_a_second_thread_is_seeded_after_the_first_one_already_was	1	10
app/OfficeTests/ReactionsTests.swift	133	test_a_seed_never_eats_a_real_mark	1	8
app/OfficeTests/ReactionsTests.swift	144	test_marks_survive_a_relaunch	1	9
app/OfficeTests/ReactionsTests.swift	158	test_a_mark_this_version_does_not_know_is_dropped_not_guessed	1	10
app/OfficeTests/ReactionsTests.swift	165	set	1	13
app/OfficeTests/ReactionsTests.swift	188	test_no_reaction_is_a_face_or_a_hand	3	9
app/OfficeTests/ReactionsTests.swift	201	test_every_mark_has_a_symbol_and_a_label	2	8
app/OfficeTests/StateRulesTests.swift	13	testEachStateIsReachable	1	17
app/OfficeTests/StateRulesTests.swift	34	testARefusalReadsAsAQuestionPosted	1	5
app/OfficeTests/StateRulesTests.swift	40	testTheOrderingIsStrict	1	11
app/OfficeTests/StateRulesTests.swift	56	testAccessNilIsNotLocked	1	4
app/OfficeTests/StateRulesTests.swift	64	testNeedsHumanPrefersTheComputedField	1	4
app/OfficeTests/StateRulesTests.swift	69	testAStaleLabelNeverOverridesTheComputedField	1	6
app/OfficeTests/StateRulesTests.swift	78	testAMissingFieldIsNotAYesAndNoLabelCanMakeItOne	2	8
app/OfficeTests/StateRulesTests.swift	90	testANullOnTheWireIsNotWaiting	1	6
app/OfficeTests/StateRulesTests.swift	99	testWaitingCountAddsUpIssuesNotDesks	1	5
app/OfficeTests/StateRulesTests.swift	107	testLastLineFlattensAndTruncates	1	12
app/OfficeTests/StateRulesTests.swift	121	testLastLineOfASilentBotIsEmptyRatherThanInvented	1	3
app/OfficeTests/StateRulesTests.swift	125	testShortLinesAreLeftAlone	1	4
app/OfficeTests/StateRulesTests.swift	132	testNoFilterCanHideARaisedHand	1	13
app/OfficeTests/StateRulesTests.swift	153	testFiltersStillFilterEverythingElse	1	9
app/OfficeTests/StateRulesTests.swift	166	floorOfThree	1	4
app/OfficeTests/StateRulesTests.swift	171	testPinnedDesksComeFirstInTheOrderTheyWerePinned	1	8
app/OfficeTests/StateRulesTests.swift	180	testNoPinsMeansNoPinnedGroup	1	4
app/OfficeTests/StateRulesTests.swift	185	testYourOwnOwnerComesFirstThenTheRestAToZ	1	7
app/OfficeTests/StateRulesTests.swift	193	testDesksInsideAGroupAreAToZ	1	4
app/OfficeTests/StateRulesTests.swift	198	testAPinNamingADeskNotOnTheFloorIsIgnoredAndDropsNothing	1	6
app/OfficeTests/StateRulesTests.swift	205	testGroupingNeverLosesARaisedHand	2	12
app/OfficeTests/StateRulesTests.swift	220	testAPinnedDeskThatIsPutAwayGoesToTheDrawerNotTheTop	1	7
app/OfficeTests/StateRulesTests.swift	233	floorToSort	1	8
app/OfficeTests/StateRulesTests.swift	242	testEachOrderPutsTheRightDeskFirst	1	12
app/OfficeTests/StateRulesTests.swift	255	testAnOrderOtherThanOwnerIsOneGroupUnderItsOwnName	1	6
app/OfficeTests/StateRulesTests.swift	262	testSortingKeepsThePinsOnTopAndDropsNothing	2	9
app/OfficeTests/StateRulesTests.swift	272	testNoOrderCanHideARaisedHand	2	10
app/OfficeTests/StateRulesTests.swift	283	testDroppingOnARowLandsJustAboveItAndOnNothingLandsLast	1	11
app/OfficeTests/StateRulesTests.swift	297	testAGateAttachesToTheRepoTheRuntimeIsIn	2	8
app/OfficeTests/StateRulesTests.swift	306	testAHomelessGateGetsADeskOfItsOwn	1	10
app/OfficeTests/StateRulesTests.swift	317	testAClearGateAttachesToNobody	1	7
app/OfficeTests/StateRulesTests.swift	325	testAttachingTwiceLeavesTheSameFloor	1	8
app/OfficeTests/StateRulesTests.swift	341	testTwoGatesGetADeskEachRatherThanSharingOne	3	11
app/OfficeTests/StateRulesTests.swift	353	testASecondGateNamingNobodyStillGetsADeskOfItsOwn	1	12
app/OfficeTests/StateRulesTests.swift	366	testAttachingTwoTwiceLeavesTheSameFloor	1	11
app/OfficeTests/StateRulesTests.swift	380	testEachDeskDrawsItsOwnQuestionAndNotOnlyTheOldest	3	13
app/OfficeTests/StateRulesTests.swift	397	testAnUnplaceableGateNeverCoversADeskThatOwnsALaterOne	3	9
app/OfficeTests/StateRulesTests.swift	407	testNoHandsUpMeansNoDeskDrawsOne	1	5
app/OfficeTests/StateRulesTests.swift	415	testABotSecondInLineStillHasItsOwnRaisedHand	3	10
app/OfficeTests/StateRulesTests.swift	426	testAHandThatIsNoLongerPendingBelongsToNobody	1	4
app/OfficeTests/StateRulesTests.swift	433	testOneHandUpSaysNothingAboutAQueue	1	6
app/OfficeTests/StateRulesTests.swift	440	testTwoHandsUpSayHowManyAndWhoIsNext	2	9
app/OfficeTests/StateRulesTests.swift	450	testAQueueBehindANamelessGateStillSaysHowManyAreLeft	1	5
app/OfficeTests/StateRulesTests.swift	458	testAGateNamingARepoIsShownAtThatDeskAlone	1	6
app/OfficeTests/StateRulesTests.swift	465	testAShortNameCountsOnlyAsAWholeWordAndOnlyWhenItIsAWord	1	10
app/OfficeTests/StateRulesTests.swift	478	testANameTooShortToMeanAnythingNeverClaimsTheGate	1	9
app/OfficeTests/StateRulesTests.swift	492	testAGateNamingNobodyFallsBackToTheDeskTheRuntimeIsAt	1	8
app/OfficeTests/StateRulesTests.swift	501	testTheDeskTheAgentIsAtOutranksADeskTheCommandMerelyNames	1	11
app/OfficeTests/StateRulesTests.swift	516	testAGateNobodyCanPlaceIsShownAtEveryDeskRatherThanNone	1	5
app/OfficeTests/StateRulesTests.swift	524	testAClearGateIsShownNowhere	1	5
app/OfficeTests/StateRulesTests.swift	530	testTheDeskShownADifferentQuestionsGateIsNotTheStaleOne	1	8
app/OfficeTests/StateRulesTests.swift	543	testWaitedReadsAsTime	1	7
app/OfficeTests/StateRulesTests.swift	551	testAnUnparseableStampIsBlankRatherThanWrong	1	4
app/OfficeTests/StateRulesTests.swift	558	testATurnTakesItsTextFromEitherFieldName	1	10
app/OfficeTests/StateRulesTests.swift	570	testAStationSurvivesFieldsItHasNeverSeen	1	11
app/OfficeTests/StateRulesTests.swift	582	testAGateCarriesTheBotThatRaisedItWhenTheDoorKnows	1	12
app/OfficeTests/StateRulesTests.swift	598	testOnlyMergeableNonDraftPullRequestsOfferAMerge	1	7
app/OfficeTests/StateRulesTests.swift	608	testADeskThatPulledCleanlySaysNothingAboutFreshness	1	9
app/OfficeTests/StateRulesTests.swift	618	testAPauseSaysNothingOnADeskThatIsCurrent	1	13
app/OfficeTests/StateRulesTests.swift	634	testTheGapEveryHealthyPullHasIsNotStaleness	1	5
app/OfficeTests/StateRulesTests.swift	643	testAnOldPullIsSaidOutLoudInTheHeader	1	7
app/OfficeTests/StateRulesTests.swift	651	testAFetchedAtNobodyCanReadIsNotReportedAsCurrent	2	7
app/OfficeTests/StateRulesTests.swift	661	testAnErrorMakesTheHeaderSayAsOfEvenWhenTheClocksAgree	1	6
app/OfficeTests/StateRulesTests.swift	672	testTheSameFailureTwiceIsOneSentence	1	13
app/OfficeTests/StateRulesTests.swift	689	testTwoDifferentFailuresAreBothKept	1	7
app/OfficeTests/StateRulesTests.swift	697	testABlankErrorIsNotAProblem	1	6
app/OfficeTests/StateRulesTests.swift	704	testAnErrorWithNoSuccessfulPullEverSaysOnlyWhatWentWrong	1	6
app/OfficeTests/StateRulesTests.swift	712	testASpentBudgetOutranksTheDesksOwnError	1	15
app/OfficeTests/StateRulesTests.swift	730	testASpentBudgetWithNoReadableClockStillSaysWhy	1	7
app/OfficeTests/StateRulesTests.swift	740	testAMomentSaysWhichDayWhenItIsNotToday	1	7
app/OfficeTests/StateRulesTests.swift	753	testABotRowSaysWhatItIsForUntilItHasSaidAnything	1	8
app/OfficeTests/StateRulesTests.swift	763	testASilentBotWithNoPurposeSaysNothingRatherThanSomethingUseless	1	3
app/OfficeTests/StateRulesTests.swift	767	testALongPurposeIsCutLikeAnyOtherRosterLine	1	4
app/OfficeTests/StateRulesTests.swift	774	testAPutAwayDeskLeavesTheListAndTurnsUpInTheOtherOne	1	8
app/OfficeTests/StateRulesTests.swift	784	testPuttingSomethingAwayCanNeverHideARaisedHand	1	9
app/OfficeTests/StateRulesTests.swift	798	testHiddenIsNeverSilent	1	8
app/OfficeTests/StateRulesTests.swift	810	testTheSearchBoxNeverReachesTheDrawer	1	8
app/OfficeTests/StateRulesTests.swift	821	testTheInventedGateDeskIsNotCountedAsSomethingWePoll	1	5
app/OfficeTests/StateRulesTests.swift	827	testAnOverrideBeatsWhatTheSnapshotSaysUntilItCatchesUp	1	9
app/OfficeTests/StateRulesTests.swift	841	testAStationReadsTheFreshnessAndPutAwayFields	1	12
app/OfficeTests/StateRulesTests.swift	854	testAServerThatPredatesTheseFieldsIsNotAFloorOfHiddenStaleDesks	1	8
app/OfficeTests/StateRulesTests.swift	865	testABotCarriesItsPurposeAndSurvivesNotHavingOne	1	9
app/OfficeTests/StateRulesTests.swift	876	testTheBudgetReadsAnUnknownCountAsUnknownRatherThanZero	1	10
app/OfficeTests/StateRulesTests.swift	889	testTheWorldCarriesTheBudgetAndSurvivesNotHavingOne	1	9
app/OfficeTests/StateRulesTests.swift	900	testTheDesksListIsAListAndNotADelta	1	8
app/OfficeTests/StateRulesTests.swift	916	testASectionWithNoCardStillHasSomethingToSay	1	17
app/OfficeTests/StateRulesTests.swift	937	testNothingInASectionCanTakeTheWallDown	1	21
app/OfficeTests/StateRulesTests.swift	960	testANegativeCountIsNotABadge	1	8
app/OfficeTests/StateRulesTests.swift	971	testTheWallArrivesInAStableOrder	2	13
app/OfficeTests/StateRulesTests.swift	988	testWhatWantsAPersonComesFirstThenWhatIsBroken	1	16
app/OfficeTests/StateRulesTests.swift	1006	testTiesGoByTitleAndNeverWobble	1	6
app/OfficeTests/StateRulesTests.swift	1013	testPodcastsStayAtTheTopOfTheWall	1	8
app/OfficeTests/StateRulesTests.swift	1022	testTheWallTotalAndItsLine	1	11
app/OfficeTests/StateRulesTests.swift	1035	testTheFilterAndTheSearchReadTheCardAndNothingElse	1	14
app/OfficeTests/StateRulesTests.swift	1051	testTheSubtitleIsOneLineNoMatterWhatTheSourceWrote	1	9
app/OfficeTests/StateRulesTests.swift	1062	testTheBadgeIsTheCountOrNothing	1	5
app/OfficeTests/StateRulesTests.swift	1070	section	1	6
app/OfficeTests/StateRulesTests.swift	1083	shift	1	6
app/OfficeTests/StateRulesTests.swift	1090	occurrences	2	9
app/OfficeTests/StateRulesTests.swift	1100	state	1	1
app/OfficeTests/StateRulesTests.swift	1102	waitingIssue	1	3
app/OfficeTests/StateRulesTests.swift	1106	quietIssue	1	3
app/OfficeTests/StateRulesTests.swift	1110	openPR	1	3
app/OfficeTests/StateRulesTests.swift	1114	pendingGate	1	4
app/OfficeTests/StateRulesTests.swift	1121	secondGate	1	4
app/OfficeTests/StateRulesTests.swift	1130	testDraggingDownLandsAfterTheRowItWasDroppedOn	1	4
app/OfficeTests/StateRulesTests.swift	1135	testDraggingUpStillLandsBeforeTheRowItWasDroppedOn	1	4
app/OfficeTests/StateRulesTests.swift	1140	testDraggingPastTheLastPinGoesToTheEnd	1	4
app/OfficeTests/StateRulesTests.swift	1145	testADeskThatWasNotPinnedBecomesPinnedWhereItLands	1	4
app/OfficeTests/StateRulesTests.swift	1150	testDroppingOnItselfChangesNothing	1	4
app/OfficeTests/StoreTests.swift	17	testHidingBotsMovesABotSelectionToAVisibleDesk	4	11
app/OfficeTests/StoreTests.swift	31	testEveryDeskOrderKeepsTheWholeVisibleFloor	2	9
app/OfficeTests/StoreTests.swift	44	testOpeningAFileSelectsTheDeskFlipsItToContextAndReadsThatFile	2	12
app/OfficeTests/StoreTests.swift	59	testOpeningAFileTheDoorWillNotOfferSaysSoInsteadOfDrawingNothing	1	7
app/OfficeTests/StoreTests.swift	67	testOpeningAnAuthorizedFileWithoutAGitHubDeskShowsLocalContext	2	10
app/OfficeTests/StoreTests.swift	80	testARefusedFileWithoutAGitHubDeskDoesNotInventLocalContext	1	8
app/OfficeTests/StoreTests.swift	93	testAMessageHalfWrittenSurvivesGoingToLookAtSomethingElse	1	16
app/OfficeTests/StoreTests.swift	116	testTwoDraftsNeverOverwriteEachOther	1	13
app/OfficeTests/StoreTests.swift	131	testSendingClearsItsOwnBoxAndNobodyElses	3	12
app/OfficeTests/StoreTests.swift	149	testAnEmptyBoxSendsNothingAtAll	3	7
app/OfficeTests/StoreTests.swift	163	testAPickedPictureSurvivesGoingToLookAtSomethingElse	1	11
app/OfficeTests/StoreTests.swift	176	testSendingCarriesThePictureAndMarksTheTurnItRodeWith	3	15
app/OfficeTests/StoreTests.swift	198	testTheMarkSurvivesTheTranscriptBeingReadBackFromTheFloor	5	12
app/OfficeTests/StoreTests.swift	215	testAPictureWithNoWordsIsStillSomethingToSend	5	8
app/OfficeTests/StoreTests.swift	230	testPuttingADeskAwayMovesTheRowOnTheClick	1	11
app/OfficeTests/StoreTests.swift	244	testPinningMovesTheRowOnTheClickAndSurvivesThePoll	1	17
app/OfficeTests/StoreTests.swift	265	testTheFixtureArrivesWithDesksAlreadyPutAway	1	8
app/OfficeTests/StoreTests.swift	274	testTheWorldPollCarriesFreshnessAndTheBudget	1	11
app/OfficeTests/StoreTests.swift	292	testTheWallArrivesWithTheWorldPollInAStableOrder	2	10
app/OfficeTests/StoreTests.swift	309	testTheWallLightsTheMenuBarDot	1	8
app/OfficeTests/StoreTests.swift	319	testTheNeedsFilterAndTheSearchReachTheWall	1	13
app/OfficeTests/StoreTests.swift	337	testASectionCanBeSelectedAndIsNotADesk	2	9
app/OfficeTests/StoreTests.swift	357	testChoosingAnythingLeavesTheAutomationPage	1	20
app/OfficeTests/StoreTests.swift	387	testBothHandsShowAndTheOldestIsTheOneOnTop	5	21
app/OfficeTests/StoreTests.swift	414	testAnsweringTheFirstLeavesTheSecondStandingThere	1	17
app/OfficeTests/StoreTests.swift	437	testAnAnswerAimedAtAQuestionThatLeftNeverLandsOnTheNextOne	1	11
app/OfficeTests/StoreTests.swift	453	testEveryNewQuestionIsAnnouncedExactlyOnce	1	12
app/OfficeTests/StoreTests.swift	473	testASectionWithNoRowsDecodesAsEmptyRatherThanFailing	1	8
app/OfficeTests/StoreTests.swift	483	testRowsArriveWholeAndInTheOrderTheSourceSentThem	1	13
app/OfficeTests/StoreTests.swift	502	testABadgeWrittenAsANumberIsStillABadge	4	9
app/OfficeTests/StoreTests.swift	516	testAMalformedRowIsKeptAndNeverBlanksTheSectionAroundIt	1	8
app/OfficeTests/StoreTests.swift	526	testARowLinkIsOnlyFollowedWhenItIsSomewhereYouCanGo	4	10
app/OfficeTests/StoreTests.swift	540	testEveryDeskTabSelectionLandsAndStays	1	10
app/OfficeTests/StoreTests.swift	552	testOpeningContextLoadsTheIndexAndPicksTheReadmeFirst	1	14
app/OfficeTests/StoreTests.swift	569	testAnIndexWithNoReadmeOpensAtTheFirstThingItHas	1	6
app/OfficeTests/StoreTests.swift	576	testTwoDesksKeepTheirOwnContextAndTheirOwnPlaceInIt	3	10
app/OfficeTests/StoreTests.swift	590	testADeskWithNoCheckoutSaysWhyRatherThanShowingNothing	1	8
app/OfficeTests/StoreTests.swift	605	floor	1	7
app/OfficeTests/StoreTests.swift	616	crowdedFloor	1	7
app/OfficeTests/StoreTests.swift	629	wallFloor	1	7
app/OfficeTests/ThreadRulesTests.swift	10	testEmphasisComesOff	1	8
app/OfficeTests/ThreadRulesTests.swift	19	testCodeSpansComeOff	1	5
app/OfficeTests/ThreadRulesTests.swift	25	testHeadingsLoseTheirHashes	1	5
app/OfficeTests/ThreadRulesTests.swift	33	testListMarkersGoAndTheItemsStay	1	8
app/OfficeTests/ThreadRulesTests.swift	42	testLinksKeepTheirWordsAndLoseTheirBrackets	1	5
app/OfficeTests/ThreadRulesTests.swift	48	testQuotesAndRulesGo	1	4
app/OfficeTests/ThreadRulesTests.swift	55	testAFencedBlockKeepsItsCharacters	1	10
app/OfficeTests/ThreadRulesTests.swift	66	testPlainTextIsLeftAlone	1	5
app/OfficeTests/ThreadRulesTests.swift	74	testTheRosterRowShowsTheWordsAndNoneOfTheSyntax	1	10
app/OfficeTests/ThreadRulesTests.swift	85	testTheRosterRowStillTruncates	1	7
app/OfficeTests/ThreadRulesTests.swift	93	testABotThatHasSaidNothingStillFallsBackToItsPurpose	1	4
app/OfficeTests/ThreadRulesTests.swift	98	testBotFrequencyIsVisibleButBackwardCompatible	1	8
app/OfficeTests/ThreadRulesTests.swift	110	testAThreadOnTheBottomFollowsTheNewestTurn	1	5
app/OfficeTests/ThreadRulesTests.swift	117	testAThreadScrolledUpKeepsItsPlace	1	4
app/OfficeTests/ThreadRulesTests.swift	125	testTheSlackIsTheBoundaryAndNotAVibe	1	6
app/OfficeTests/ThreadRulesTests.swift	132	testThePillSaysHowManyAndSaysNothingWhenNothingArrived	1	6
client/automation.py	108	_tone	1	2
client/automation.py	112	_means	1	2
client/automation.py	116	_issue_index	11	11
client/automation.py	135	_row	15	21
client/automation.py	161	build	31	71
client/automation.py	260	_headline	15	22
client/board.py	63	_root	2	3
client/board.py	68	_valid_id	4	3
client/board.py	73	_valid_account	7	4
client/board.py	79	_age	6	13
client/board.py	96	_embedded_reply	10	13
client/board.py	112	_shape	23	35
client/board.py	165	_thread	4	7
client/board.py	174	accounts	5	6
client/board.py	182	read_feed	26	51
client/board.py	247	_find	6	12
client/board.py	261	reply	10	44
client/board.py	317	compose	9	27
client/bot_reports.py	19	request	3	7
client/bot_reports.py	28	fresh_evidence	5	8
client/bot_reports.py	38	run_report	20	28
client/bot_reports.py	70	main	4	14
client/buzz.py	62	_log	1	2
client/buzz.py	66	_once	2	6
client/buzz.py	76	_url	3	2
client/buzz.py	82	_secret	2	2
client/buzz.py	89	_min_s	4	6
client/buzz.py	97	_throttled	4	10
client/buzz.py	115	_post	5	18
client/buzz.py	137	notify	6	11
client/buzz.py	165	_trim	3	3
client/buzz.py	171	gate_raised	5	6
client/buzz.py	181	pr_landed	1	2
client/buzz.py	185	lane_refused	3	6
client/buzz.py	199	new_gate_ids	5	3
client/buzz.py	205	new_receipts	6	20
client/buzz.py	229	announce_receipt	11	10
client/buzz.py	241	watch	15	26
client/chat.py	79	now_iso	1	2
client/chat.py	83	read_bots	11	19
client/chat.py	112	check_attachments	11	16
client/chat.py	136	office_evidence	56	97
client/chat.py	250	decision_blocks	17	25
client/chat.py	281	_harness_get	3	8
client/chat.py	299	__init__	1	7
client/chat.py	310	roster	10	20
client/chat.py	339	history	7	14
client/chat.py	357	say	13	26
client/chat.py	389	_act	7	16
client/chat.py	408	_turn	7	20
client/context.py	85	_refuse	9	12
client/context.py	106	_is_readme	2	3
client/context.py	118	_is_markdown	1	2
client/context.py	122	_inside	4	6
client/context.py	136	_entry	7	16
client/context.py	157	index	13	22
client/context.py	191	_files	3	10
client/context.py	203	_listed	6	7
client/context.py	213	_current_entry	4	11
client/context.py	227	read	16	42
client/context.py	284	write	16	47
client/lesson_previews.py	21	_receipts_root	3	9
client/lesson_previews.py	32	_json	3	6
client/lesson_previews.py	40	_head_state	2	3
client/lesson_previews.py	45	_from_head_state	13	23
client/lesson_previews.py	70	_millis	4	9
client/lesson_previews.py	81	_https_origin	4	3
client/lesson_previews.py	86	_candidate	24	32
client/lesson_previews.py	120	_production	20	20
client/lesson_previews.py	142	build	24	50
client/live.py	114	now_iso	1	2
client/live.py	118	_iso	1	2
client/live.py	122	_run	5	9
client/live.py	141	pids	6	9
client/live.py	158	cwd_of	7	8
client/live.py	174	_etimes	10	15
client/live.py	192	_etime_seconds	9	15
client/live.py	212	claude_slug	2	2
client/live.py	222	claude_dirs	8	13
client/live.py	244	claude_transcript	6	16
client/live.py	263	_codex_day_dirs	2	5
client/live.py	270	_codex_head	5	11
client/live.py	284	codex_transcripts	14	23
client/live.py	317	_join	9	15
client/live.py	336	_digest	13	30
client/live.py	379	_maybe_user	5	5
client/live.py	393	_preamble	2	3
client/live.py	398	_loads	3	6
client/live.py	406	_lines_of	2	2
client/live.py	410	_first_text	6	7
client/live.py	421	_clip	3	5
client/live.py	428	_line	1	3
client/live.py	433	_tool_line	4	7
client/live.py	442	parse_claude_line	27	38
client/live.py	489	parse_codex_line	13	24
client/live.py	522	_codex_text	6	10
client/live.py	536	_fresh_joins	9	17
client/live.py	556	read	23	47
client/live.py	625	check_key	3	4
client/live.py	631	_row	4	5
client/live.py	638	_all_lines	5	18
client/live.py	664	transcript	5	21
client/live.py	694	_int	2	5
client/office-sync.py	60	_env_path	2	3
client/office-sync.py	88	_pipeline_branch	3	2
client/office-sync.py	100	log	1	2
client/office-sync.py	104	sh	6	11
client/office-sync.py	122	logins	1	4
client/office-sync.py	129	__init__	3	12
client/office-sync.py	142	canonical	2	2
client/office-sync.py	147	token_for	15	25
client/office-sync.py	175	_token	3	5
client/office-sync.py	181	save	2	6
client/office-sync.py	191	discover_from_github	7	20
client/office-sync.py	215	receipts	19	33
client/office-sync.py	262	fold_renamed	6	13
client/office-sync.py	284	headline	4	5
client/office-sync.py	311	read_hidden	7	7
client/office-sync.py	324	write_hidden	4	7
client/office-sync.py	335	set_hidden	4	7
client/office-sync.py	350	read_pins	8	11
client/office-sync.py	367	write_pins	6	11
client/office-sync.py	396	read_desks	4	7
client/office-sync.py	405	write_desks	2	8
client/office-sync.py	436	_parse_iso	2	5
client/office-sync.py	443	paused_until	5	12
client/office-sync.py	460	pause	5	10
client/office-sync.py	472	note_rate	7	12
client/office-sync.py	528	batch_query	3	7
client/office-sync.py	537	_bot_last_word	9	9
client/office-sync.py	582	parse_decision	14	28
client/office-sync.py	622	parse_landed_pr	3	3
client/office-sync.py	628	_issue_row	14	19
client/office-sync.py	657	_issue_rows	4	4
client/office-sync.py	663	_pr_rows	13	22
client/office-sync.py	698	_batch_command	2	6
client/office-sync.py	706	_pr_page_command	1	4
client/office-sync.py	712	_add_rate	6	7
client/office-sync.py	722	_pr_reserve_error	3	6
client/office-sync.py	730	_json_body	4	6
client/office-sync.py	739	_is_rate_limited	3	2
client/office-sync.py	743	_alias_index	6	6
client/office-sync.py	752	_sort_errors	7	13
client/office-sync.py	768	_desk_rows	6	10
client/office-sync.py	781	_pr_page_cursors	7	8
client/office-sync.py	792	_fetch_pr_tail	18	37
client/office-sync.py	835	fetch_batch	20	35
client/office-sync.py	886	fetch_issues	6	8
client/office-sync.py	902	_group_by_token	4	9
client/office-sync.py	914	_batches	3	4
client/office-sync.py	920	_blame_batch	3	4
client/office-sync.py	928	_fetch_batches	6	19
client/office-sync.py	955	_fetch_visible	5	11
client/office-sync.py	973	_remember_fresh	5	8
client/office-sync.py	984	_desk_access	5	6
client/office-sync.py	996	_stale_reason	3	4
client/office-sync.py	1003	_station	5	22
client/office-sync.py	1034	_heartbeat	3	7
client/office-sync.py	1043	_log_room	7	8
client/office-sync.py	1053	build_snapshot	13	48
client/office-sync.py	1125	apply_merge	9	20
client/office-sync.py	1171	_read_pr	5	10
client/office-sync.py	1187	_verify_check_refusal	18	25
client/office-sync.py	1222	_merge_refusal	13	17
client/office-sync.py	1244	_apply_permit	7	15
client/office-sync.py	1262	_apply_chat	5	11
client/office-sync.py	1275	_apply_run	7	13
client/office-sync.py	1290	_apply_stop	4	8
client/office-sync.py	1308	apply_runtime_decision	3	6
client/office-sync.py	1325	_has_issue_number	2	2
client/office-sync.py	1329	_first_error_line	2	2
client/office-sync.py	1333	_requeue_stuck_issues	8	22
client/office-sync.py	1360	_comment_step	7	11
client/office-sync.py	1379	_edit_steps	8	17
client/office-sync.py	1405	_issue_steps	8	13
client/office-sync.py	1421	_is_missing_label_error	3	2
client/office-sync.py	1427	_run_steps	5	16
client/office-sync.py	1446	apply_decision	14	21
client/office-sync.py	1479	_apply_issue_decision	3	8
client/phone/lessons.js	3	esc	2	25
client/phone/phone.js	171	el	4	6
client/phone/phone.js	178	clear	2	3
client/phone/phone.js	182	head	3	6
client/phone/phone.js	189	button	1	6
client/phone/phone.js	196	say	2	7
client/phone/phone.js	201	(anonymous)	1	1
client/phone/phone.js	206	read	2	6
client/phone/phone.js	216	write	2	10
client/phone/phone.js	229	when	3	5
client/phone/phone.js	235	sameDay	3	4
client/phone/phone.js	240	onTheClock	1	3
client/phone/phone.js	246	moment	5	11
client/phone/phone.js	258	stamp	5	10
client/phone/phone.js	270	waited	4	6
client/phone/phone.js	277	line	8	15
client/phone/phone.js	287	needsHuman	2	3
client/phone/phone.js	291	edge	2	3
client/phone/phone.js	295	wordIn	5	9
client/phone/phone.js	309	gateNames	2	2
client/phone/phone.js	320	deskState	11	11
client/phone/phone.js	334	problems	1	5
client/phone/phone.js	336	(anonymous)	4	4
client/phone/phone.js	345	isStale	3	6
client/phone/phone.js	352	asOf	4	5
client/phone/phone.js	360	staleNotice	9	14
client/phone/phone.js	375	mood	3	4
client/phone/phone.js	381	nameFrom	2	10
client/phone/phone.js	390	wallSections	1	4
client/phone/phone.js	392	(anonymous)	10	16
client/phone/phone.js	409	rank	3	4
client/phone/phone.js	413	(anonymous)	4	6
client/phone/phone.js	423	drawGate	12	43
client/phone/phone.js	458	(anonymous)	1	1
client/phone/phone.js	474	(anonymous)	1	5
client/phone/phone.js	475	(anonymous)	1	1
client/phone/phone.js	487	gateQueueLine	4	8
client/phone/phone.js	488	(anonymous)	1	1
client/phone/phone.js	491	(anonymous)	1	1
client/phone/phone.js	500	answer	11	23
client/phone/phone.js	513	(anonymous)	1	1
client/phone/phone.js	530	lastSeen	3	8
client/phone/phone.js	541	markSeen	2	4
client/phone/phone.js	548	sinceThen	1	2
client/phone/phone.js	552	(anonymous)	5	7
client/phone/phone.js	562	drawCatchup	3	20
client/phone/phone.js	577	(anonymous)	1	1
client/phone/phone.js	582	(anonymous)	1	4
client/phone/phone.js	596	queue	3	7
client/phone/phone.js	598	(anonymous)	2	3
client/phone/phone.js	599	(anonymous)	5	6
client/phone/phone.js	606	(anonymous)	1	1
client/phone/phone.js	611	newestFirst	3	4
client/phone/phone.js	616	waitingIssues	1	3
client/phone/phone.js	620	draftKey	1	3
client/phone/phone.js	626	issueHead	2	7
client/phone/phone.js	636	commentToggle	3	10
client/phone/phone.js	647	commentBox	3	13
client/phone/phone.js	652	(anonymous)	1	1
client/phone/phone.js	656	(anonymous)	1	3
client/phone/phone.js	667	decisionCard	1	16
client/phone/phone.js	674	(anonymous)	3	4
client/phone/phone.js	679	(anonymous)	4	11
client/phone/phone.js	687	(anonymous)	1	4
client/phone/phone.js	705	landedCard	3	19
client/phone/phone.js	716	(anonymous)	1	3
client/phone/phone.js	721	(anonymous)	1	3
client/phone/phone.js	735	parkCard	3	16
client/phone/phone.js	744	(anonymous)	1	3
client/phone/phone.js	754	parkLine	2	17
client/phone/phone.js	764	(anonymous)	1	3
client/phone/phone.js	774	decide	12	18
client/phone/phone.js	782	(anonymous)	1	1
client/phone/phone.js	797	drawNeeds	5	19
client/phone/phone.js	804	(anonymous)	1	1
client/phone/phone.js	815	(anonymous)	1	3
client/phone/phone.js	818	(anonymous)	1	3
client/phone/phone.js	823	(anonymous)	1	10
client/phone/phone.js	835	drawParks	4	14
client/phone/phone.js	838	(anonymous)	2	4
client/phone/phone.js	843	(anonymous)	1	3
client/phone/phone.js	851	(anonymous)	1	1
client/phone/phone.js	859	faceFor	4	6
client/phone/phone.js	866	botSubtitle	6	4
client/phone/phone.js	871	drawBots	3	10
client/phone/phone.js	879	(anonymous)	4	13
client/phone/phone.js	889	(anonymous)	1	1
client/phone/phone.js	896	deskRow	3	18
client/phone/phone.js	911	(anonymous)	1	1
client/phone/phone.js	915	deskLaunchers	2	7
client/phone/phone.js	919	(anonymous)	2	6
client/phone/phone.js	921	(anonymous)	1	3
client/phone/phone.js	930	drawDesks	1	4
client/phone/phone.js	934	(anonymous)	1	1
client/phone/phone.js	935	(anonymous)	1	1
client/phone/phone.js	943	(anonymous)	2	5
client/phone/phone.js	953	(anonymous)	2	4
client/phone/phone.js	963	(anonymous)	1	6
client/phone/phone.js	966	(anonymous)	1	1
client/phone/phone.js	972	startDeskSession	5	22
client/phone/phone.js	995	deskByRepo	4	3
client/phone/phone.js	996	(anonymous)	1	3
client/phone/phone.js	1001	openDesk	1	6
client/phone/phone.js	1008	closeDesk	1	5
client/phone/phone.js	1014	chooseDeskTab	4	8
client/phone/phone.js	1023	drawDesk	5	31
client/phone/phone.js	1044	(anonymous)	3	7
client/phone/phone.js	1064	deskSection	2	5
client/phone/phone.js	1070	drawDeskWork	7	24
client/phone/phone.js	1088	(anonymous)	1	1
client/phone/phone.js	1094	(anonymous)	1	1
client/phone/phone.js	1098	deskIssueCard	7	13
client/phone/phone.js	1112	deskPrCard	7	14
client/phone/phone.js	1127	detailReader	1	6
client/phone/phone.js	1134	outLink	1	7
client/phone/phone.js	1148	flushParagraph	2	7
client/phone/phone.js	1243	drawDeskContext	11	25
client/phone/phone.js	1262	(anonymous)	1	3
client/phone/phone.js	1268	(anonymous)	3	5
client/phone/phone.js	1273	(anonymous)	3	9
client/phone/phone.js	1275	(anonymous)	1	1
client/phone/phone.js	1279	(anonymous)	3	7
client/phone/phone.js	1291	loadDeskContext	15	26
client/phone/phone.js	1318	bringBack	3	5
client/phone/phone.js	1326	drawWall	3	12
client/phone/phone.js	1330	(anonymous)	1	1
client/phone/phone.js	1338	(anonymous)	8	25
client/phone/phone.js	1357	(anonymous)	5	8
client/phone/phone.js	1388	drawAutomation	22	40
client/phone/phone.js	1437	automationNeedsSomebody	8	7
client/phone/phone.js	1445	automationSchedule	6	7
client/phone/phone.js	1453	automationSweep	6	7
client/phone/phone.js	1461	automationTriggerLine	5	8
client/phone/phone.js	1476	automationActivity	4	20
client/phone/phone.js	1496	(anonymous)	11	21
client/phone/phone.js	1520	fact	2	6
client/phone/phone.js	1558	agentRank	2	4
client/phone/phone.js	1565	agentGroups	1	6
client/phone/phone.js	1568	(anonymous)	2	4
client/phone/phone.js	1571	(anonymous)	4	8
client/phone/phone.js	1579	(anonymous)	1	1
client/phone/phone.js	1582	drawAgents	12	31
client/phone/phone.js	1592	(anonymous)	1	1
client/phone/phone.js	1613	(anonymous)	1	4
client/phone/phone.js	1615	(anonymous)	1	3
client/phone/phone.js	1621	agentRow	8	18
client/phone/phone.js	1642	(anonymous)	3	9
client/phone/phone.js	1654	sessionsForDesk	3	5
client/phone/phone.js	1657	(anonymous)	1	3
client/phone/phone.js	1662	drawDeskSessions	6	14
client/phone/phone.js	1672	(anonymous)	1	1
client/phone/phone.js	1677	sessionCard	12	34
client/phone/phone.js	1706	(anonymous)	3	4
client/phone/phone.js	1721	sessionMood	4	5
client/phone/phone.js	1730	sessionComposer	3	17
client/phone/phone.js	1742	(anonymous)	1	1
client/phone/phone.js	1744	(anonymous)	2	3
client/phone/phone.js	1750	openSessionThread	1	5
client/phone/phone.js	1756	loadSessionScript	4	9
client/phone/phone.js	1768	replyToSession	5	17
client/phone/phone.js	1788	pollSessions	5	16
client/phone/phone.js	1813	base64Length	1	3
client/phone/phone.js	1817	readable	3	6
client/phone/phone.js	1824	asBlob	1	3
client/phone/phone.js	1825	(anonymous)	1	3
client/phone/phone.js	1826	(anonymous)	1	1
client/phone/phone.js	1833	asBase64	1	3
client/phone/phone.js	1834	(anonymous)	1	6
client/phone/phone.js	1836	reader.onload	3	5
client/phone/phone.js	1841	reader.onerror	1	1
client/phone/phone.js	1850	shrink	10	43
client/phone/phone.js	1903	photoName	4	7
client/phone/phone.js	1913	openThread	1	7
client/phone/phone.js	1921	closeThread	1	4
client/phone/phone.js	1926	drawThread	17	61
client/phone/phone.js	1933	(anonymous)	1	1
client/phone/phone.js	1959	(anonymous)	8	11
client/phone/phone.js	1984	(anonymous)	1	4
client/phone/phone.js	1999	(anonymous)	1	1
client/phone/phone.js	2000	(anonymous)	1	1
client/phone/phone.js	2004	(anonymous)	1	1
client/phone/phone.js	2006	(anonymous)	1	3
client/phone/phone.js	2025	photoPicker	2	9
client/phone/phone.js	2031	(anonymous)	3	5
client/phone/phone.js	2039	takePhoto	3	10
client/phone/phone.js	2055	carriedPhoto	10	9
client/phone/phone.js	2065	sayTo	11	27
client/phone/phone.js	2095	pollThread	5	12
client/phone/phone.js	2121	since	5	9
client/phone/phone.js	2134	liveWhere	4	5
client/phone/phone.js	2140	drawLive	6	22
client/phone/phone.js	2160	(anonymous)	1	1
client/phone/phone.js	2163	liveRow	6	20
client/phone/phone.js	2183	(anonymous)	1	1
client/phone/phone.js	2189	openReader	1	8
client/phone/phone.js	2198	closeReader	1	6
client/phone/phone.js	2207	setHash	4	6
client/phone/phone.js	2214	readHash	3	27
client/phone/phone.js	2225	loadReaderPage	24	39
client/phone/phone.js	2268	pollReader	4	5
client/phone/phone.js	2279	trimReader	2	6
client/phone/phone.js	2286	drawReader	20	46
client/phone/phone.js	2322	(anonymous)	1	1
client/phone/phone.js	2325	(anonymous)	1	3
client/phone/phone.js	2337	(anonymous)	1	3
client/phone/phone.js	2346	readerLine	9	10
client/phone/phone.js	2360	toolLine	8	11
client/phone/phone.js	2366	(anonymous)	1	4
client/phone/phone.js	2375	pollLive	3	9
client/phone/phone.js	2388	pollGate	10	19
client/phone/phone.js	2395	(anonymous)	2	3
client/phone/phone.js	2410	(anonymous)	2	4
client/phone/phone.js	2423	pollBots	5	10
client/phone/phone.js	2434	drawStamp	5	7
client/phone/phone.js	2442	pollWorld	14	34
client/phone/phone.js	2482	start	1	15
client/phone/phone.js	2483	(anonymous)	1	3
client/phone/phone.js	2496	(anonymous)	2	4
client/phone/phone.js	2501	(anonymous)	2	4
client/phone/phone.js	2507	(anonymous)	1	1
client/private_state.py	14	_absolute	1	2
client/private_state.py	18	_assert_bounded	6	16
client/private_state.py	37	_secure	5	11
client/private_state.py	50	ensure_dir	2	8
client/private_state.py	60	migrate_tree	12	34
client/private_state.py	97	atomic_write_text	4	19
client/private_state.py	118	append_text	2	10
client/product_board.py	20	_git	2	6
client/product_board.py	28	_remote	3	5
client/product_board.py	35	_catalog_item	9	23
client/product_board.py	60	_catalog_proof	7	11
client/product_board.py	73	_blockers	3	3
client/product_board.py	78	_catalog_change	2	4
client/product_board.py	84	read	6	9
client/run_board.py	27	_iso	2	4
client/run_board.py	33	_read	2	6
client/run_board.py	41	_line	6	6
client/run_board.py	49	_transcript	10	25
client/run_board.py	76	_run	10	18
client/run_board.py	96	_empty	1	3
client/run_board.py	101	read	18	46
client/runtime.py	63	_root	2	3
client/runtime.py	68	_url	1	2
client/runtime.py	72	configured	2	2
client/runtime.py	76	_bot_of	2	4
client/runtime.py	83	_asked_at	3	5
client/runtime.py	93	_pending_files	6	22
client/runtime.py	127	_pending_lock	2	13
client/runtime.py	143	_shape	8	12
client/runtime.py	165	_gate_root	3	7
client/runtime.py	175	read_gate	5	11
client/runtime.py	199	read_gates	5	9
client/runtime.py	220	answer_gate	16	34
client/runtime.py	269	_get	2	5
client/runtime.py	276	post	2	7
client/runtime.py	287	read_board	10	26
client/runtime.py	320	snapshot	2	3
client/search.py	86	_root	1	2
client/search.py	90	desks	2	5
client/search.py	102	_files	6	15
client/search.py	120	_vendored	2	3
client/search.py	126	corpus	2	5
client/search.py	134	forget	1	3
client/search.py	142	_clean	2	2
client/search.py	146	_looks_like_path	3	2
client/search.py	150	_resolve_path	19	28
client/search.py	201	_snippet	4	13
client/search.py	219	_name_score	9	18
client/search.py	248	_at_boundary	4	7
client/search.py	258	_row	1	5
client/search.py	265	run	19	48
client/search.py	332	_text_pass	6	16
client/search.py	348	_text_pass.scan	5	18
client/sections.py	30	_fallback	1	3
client/sections.py	37	read_all	6	23
client/serve.py	84	source_revision	2	8
client/serve.py	139	_loopback_hosts	1	2
client/serve.py	181	now_iso	1	2
client/serve.py	185	log	1	2
client/serve.py	203	__init__	1	10
client/serve.py	214	access	2	5
client/serve.py	220	build	5	18
client/serve.py	244	fresh_build	3	7
client/serve.py	259	refresh_desk	12	28
client/serve.py	299	mark_hidden	5	5
client/serve.py	311	mark_pins	5	7
client/serve.py	320	keep_fresh	2	4
client/serve.py	325	record	2	9
client/serve.py	335	recent	1	3
client/serve.py	339	bot_evidence	1	3
client/serve.py	343	knows_issue	8	7
client/serve.py	353	apply_now	7	14
client/serve.py	371	bot_decisions	5	16
client/serve.py	391	validate	37	41
client/serve.py	464	log_message	3	3
client/serve.py	470	_host_ok	3	4
client/serve.py	475	_identity_ok	5	10
client/serve.py	487	_write_ok	10	13
client/serve.py	503	_send	4	10
client/serve.py	514	_json	1	2
client/serve.py	517	_drain	3	7
client/serve.py	526	_read_json	7	13
client/serve.py	541	do_GET	46	88
client/serve.py	661	do_POST	17	42
client/serve.py	729	_decision	4	8
client/serve.py	740	_gates	4	6
client/serve.py	758	_gate	6	12
client/serve.py	771	_board	7	8
client/serve.py	790	_desks	7	14
client/serve.py	812	_pins	5	11
client/serve.py	832	_webhook	31	65
client/serve.py	937	_webhook_status	5	9
client/serve.py	952	_page	4	19
client/serve.py	982	make_server	2	11
client/serve.py	1002	main	9	29
client/sessions.py	119	now_iso	1	2
client/sessions.py	123	hcom_bin	1	2
client/sessions.py	130	_run	5	10
client/sessions.py	152	check_name	3	4
client/sessions.py	160	origin_nwo	6	13
client/sessions.py	181	parse_origin	11	17
client/sessions.py	207	_age	2	5
client/sessions.py	214	_row	13	24
client/sessions.py	253	_sorted	2	4
client/sessions.py	261	read	21	27
client/sessions.py	304	by_desk	5	6
client/sessions.py	318	transcript	19	33
client/sessions.py	361	screen	13	21
client/sessions.py	392	say	17	35
client/sessions.py	449	start	15	28
client/sessions.py	504	_launch_env	5	16
client/sessions.py	534	_tbs_account_paths	3	10
client/sessions.py	547	_is_credential_dir	3	10
client/sessions.py	560	resolve_dir	11	23
client/sessions.py	595	_allowed_dir	10	16
client/sessions.py	624	no_vault	1	2
client/sessions.py	636	desk_dir	13	19
client/sessions.py	693	_checkouts	16	37
client/sessions.py	744	_is_checkout_of	4	7
client/sessions.py	766	readme	12	32
client/sources/_card.py	71	clip	3	3
client/sources/_card.py	76	plural	2	2
client/sources/_card.py	80	money	2	5
client/sources/_card.py	88	count	4	11
client/sources/_card.py	102	human	7	14
client/sources/_card.py	119	zulu	5	11
client/sources/_card.py	138	ago	4	8
client/sources/_card.py	149	fact	2	6
client/sources/_card.py	158	link	5	3
client/sources/_card.py	170	row	2	12
client/sources/_card.py	190	build	7	20
client/sources/_card.py	220	trouble	4	8
client/sources/care.py	66	_root	2	3
client/sources/care.py	71	_num	3	6
client/sources/care.py	79	read	20	44
client/sources/care.py	127	card	26	51
client/sources/care_grader.py	52	_root	2	3
client/sources/care_grader.py	57	read	13	48
client/sources/care_grader.py	111	card	26	44
client/sources/clock.py	54	_root	2	3
client/sources/clock.py	59	_schedule	19	21
client/sources/clock.py	83	read_registry	8	21
client/sources/clock.py	113	classify	13	19
client/sources/clock.py	146	_job	13	22
client/sources/clock.py	175	read	22	44
client/sources/clock.py	264	_script	10	21
client/sources/clock.py	300	rows	17	25
client/sources/clock.py	335	card	20	30
client/sources/clock.py	351	card.n	2	2
client/sources/cost.py	61	_root	2	3
client/sources/cost.py	66	_money	4	8
client/sources/cost.py	78	_local_date	5	11
client/sources/cost.py	98	_band	3	7
client/sources/cost.py	107	_bucket	1	2
client/sources/cost.py	111	_rank	2	7
client/sources/cost.py	121	read	22	94
client/sources/cost.py	247	card	22	35
client/sources/flows.py	82	_receipts_path	3	7
client/sources/flows.py	91	read_tail	13	30
client/sources/flows.py	131	_ts	2	6
client/sources/flows.py	139	did_nothing	2	2
client/sources/flows.py	143	succeeded	3	6
client/sources/flows.py	152	_detail	5	6
client/sources/flows.py	161	_flow	26	40
client/sources/flows.py	206	_read_scheduled	11	30
client/sources/flows.py	259	_value	9	17
client/sources/flows.py	278	_why	6	11
client/sources/flows.py	291	_scheduled_card	11	21
client/sources/flows.py	318	read	3	13
client/sources/flows.py	333	card	16	25
client/sources/library.py	77	_root	2	3
client/sources/library.py	82	_url	1	2
client/sources/library.py	86	_db_path	3	6
client/sources/library.py	98	_rows	3	4
client/sources/library.py	104	_clip	3	3
client/sources/library.py	109	_item	9	17
client/sources/library.py	134	read_agentdb	24	73
client/sources/library.py	226	_get	2	5
client/sources/library.py	233	_fetch	4	9
client/sources/library.py	247	read_review	21	27
client/sources/library.py	281	read_semantic	4	6
client/sources/library.py	290	read	1	7
client/sources/library.py	308	_review_row	6	8
client/sources/library.py	323	_semantic_row	4	7
client/sources/library.py	332	_row	14	15
client/sources/library.py	357	rows	6	6
client/sources/library.py	368	card	18	30
client/sources/mail.py	118	_root	2	3
client/sources/mail.py	123	_json_file	2	5
client/sources/mail.py	132	_summary	8	23
client/sources/mail.py	160	_excluded	8	12
client/sources/mail.py	179	_capture_path	2	3
client/sources/mail.py	185	_last_ingest	7	14
client/sources/mail.py	206	_courier	3	5
client/sources/mail.py	219	read_capture	10	25
client/sources/mail.py	255	read_granola	9	28
client/sources/mail.py	297	_pigeonholes	15	34
client/sources/mail.py	341	read	16	38
client/sources/mail.py	410	card	40	48
client/sources/money_swarm.py	149	_root	2	3
client/sources/money_swarm.py	154	_parse	5	11
client/sources/money_swarm.py	172	_iso	2	4
client/sources/money_swarm.py	178	_draft_hash	1	3
client/sources/money_swarm.py	189	read_jsonl	9	36
client/sources/money_swarm.py	238	read_json	5	14
client/sources/money_swarm.py	254	envelope_is_live	4	9
client/sources/money_swarm.py	271	live_approvals	11	19
client/sources/money_swarm.py	298	closed_action_ids	4	5
client/sources/money_swarm.py	306	_draft_of	4	6
client/sources/money_swarm.py	314	waiting_rows	18	36
client/sources/money_swarm.py	364	_lane	12	24
client/sources/money_swarm.py	402	top_lanes	6	5
client/sources/money_swarm.py	416	read	31	95
client/sources/money_swarm.py	542	_validate	14	24
client/sources/money_swarm.py	581	_blank	1	10
client/sources/money_swarm.py	609	card	30	53
client/sources/pipeline.py	107	_root	2	3
client/sources/pipeline.py	117	_epoch	3	8
client/sources/pipeline.py	128	_alive	4	10
client/sources/pipeline.py	141	_command_of	4	9
client/sources/pipeline.py	157	read_pid	9	32
client/sources/pipeline.py	207	read_lanes	33	72
client/sources/pipeline.py	303	read_queue	20	37
client/sources/pipeline.py	362	read_log	10	25
client/sources/pipeline.py	398	read_receipts	12	36
client/sources/pipeline.py	447	read_registry	13	24
client/sources/pipeline.py	479	read_jobctl	14	27
client/sources/pipeline.py	520	_power	5	9
client/sources/pipeline.py	537	_cannot	1	4
client/sources/pipeline.py	548	read	33	117
client/sources/pipeline.py	726	card	60	104
client/sources/podcasts.py	33	_audio	6	15
client/sources/podcasts.py	51	_text	2	2
client/sources/podcasts.py	55	_nonnegative	3	5
client/sources/podcasts.py	62	_episode_id	3	4
client/sources/podcasts.py	68	_episode	3	20
client/sources/podcasts.py	90	read	9	18
client/sources/podcasts.py	112	_headline	3	6
client/sources/podcasts.py	120	_facts	3	5
client/sources/podcasts.py	127	_row	6	13
client/sources/podcasts.py	142	card	9	10
client/sources/prs.py	40	_root	2	3
client/sources/prs.py	45	read	18	33
client/sources/prs.py	82	_card_epoch	2	5
client/sources/prs.py	89	card	24	40
client/sources/webhook.py	60	_state_dir	1	2
client/sources/webhook.py	67	_rows	5	15
client/sources/webhook.py	84	_epoch	4	9
client/sources/webhook.py	95	_tailscale	5	7
client/sources/webhook.py	105	reach	15	29
client/sources/webhook.py	163	read	27	57
client/sources/webhook.py	248	_bad_signature_run	2	6
client/sources/webhook.py	263	card	23	46
client/webhook.py	104	_env_path	2	3
client/webhook.py	196	note_signature	2	4
client/webhook.py	203	now_iso	1	2
client/webhook.py	207	log	1	2
client/webhook.py	213	verify	5	8
client/webhook.py	230	sign	2	2
client/webhook.py	263	as_dict	1	2
client/webhook.py	267	_num	3	6
client/webhook.py	275	parse	37	32
client/webhook.py	330	should_trigger	11	13
client/webhook.py	377	__init__	1	12
client/webhook.py	391	_load	11	15
client/webhook.py	410	outcome	2	6
client/webhook.py	418	seen	1	2
client/webhook.py	423	claim	4	9
client/webhook.py	439	settle	5	13
client/webhook.py	455	remember	1	3
client/webhook.py	460	_write_seen	2	6
client/webhook.py	469	count	1	4
client/webhook.py	475	append	2	4
client/webhook.py	480	record_run	1	2
client/webhook.py	483	_append	2	7
client/webhook.py	491	_trim	3	9
client/webhook.py	503	tail	5	15
client/webhook.py	519	last_events	1	2
client/webhook.py	522	last_runs	1	2
client/webhook.py	546	normalise_remote	6	9
client/webhook.py	563	_git	3	7
client/webhook.py	572	find_checkouts	10	16
client/webhook.py	594	_drop_ignored	17	30
client/webhook.py	633	origin_of	7	11
client/webhook.py	655	build_repo_map	5	10
client/webhook.py	689	__init__	15	41
client/webhook.py	739	notice	5	9
client/webhook.py	753	queued	1	3
client/webhook.py	757	stop	1	7
client/webhook.py	768	_next	7	16
client/webhook.py	786	_drain	6	16
client/webhook.py	806	act	10	14
client/webhook.py	838	_dispatch	6	34
client/webhook.py	887	pipeline_busy	8	19
client/webhook.py	914	_run_dispatch	11	19
client/webhook.py	941	local_path	2	3
client/webhook.py	945	repo_map	4	8
client/webhook.py	955	write_receipt	5	20
nexus/care_probe.py	43	__init__	1	3
nexus/care_probe.py	48	run_care_probe	9	22
nexus/care_probe.py	73	_run_lifecycle	1	19
nexus/care_probe.py	94	_cleanup	2	9
nexus/care_probe.py	105	_check_rate_limit	7	10
nexus/care_probe.py	117	_expect	8	15
nexus/care_probe.py	134	_event	4	7
nexus/care_probe.py	143	_redact	2	2
nexus/care_probe.py	147	_safe_error	2	5
nexus/care_probe.py	154	_check_timeout	2	3
nexus/checkout_probe.py	39	__init__	1	3
nexus/checkout_probe.py	44	run_checkout_probe	7	27
nexus/checkout_probe.py	74	_check_arguments	5	3
nexus/checkout_probe.py	79	_expire	2	7
nexus/checkout_probe.py	88	_verify	6	13
nexus/checkout_probe.py	103	_event	3	6
nexus/checkout_probe.py	111	_redact_mapping	3	3
nexus/checkout_probe.py	116	_redact	2	2
nexus/checkout_probe.py	120	_safe_error	3	5
nexus/cli.py	28	_ended	1	2
nexus/cli.py	32	_cancel	5	17
nexus/cli.py	51	_ledger	1	2
nexus/cli.py	55	cmd_tower_once	1	5
nexus/cli.py	62	cmd_tower_run	1	4
nexus/cli.py	68	cmd_status	1	3
nexus/cli.py	73	cmd_pause	1	4
nexus/cli.py	79	cmd_resume	1	4
nexus/cli.py	85	cmd_kill	3	10
nexus/cli.py	97	cmd_retry	6	20
nexus/cli.py	119	cmd_plans_add	9	26
nexus/cli.py	147	cmd_plans_set	4	12
nexus/cli.py	162	cmd_plans_list	3	6
nexus/cli.py	170	cmd_flight_run	6	7
nexus/cli.py	180	cmd_log	7	16
nexus/cli.py	199	cmd_sandbox_install	2	8
nexus/cli.py	210	cmd_sandbox_run	1	3
nexus/cli.py	215	cmd_install	2	20
nexus/cli.py	238	cmd_work	11	29
nexus/cli.py	269	build_parser	10	91
nexus/cli.py	372	main	1	3
nexus/flights.py	33	workspace_path	1	2
nexus/flights.py	37	result_path	1	2
nexus/flights.py	41	teardown_path	1	2
nexus/flights.py	45	ready_path	1	2
nexus/flights.py	49	write_result	1	8
nexus/flights.py	60	read_result	6	17
nexus/flights.py	80	run_script	29	78
nexus/flights.py	98	run_script.cancel	3	7
nexus/flights.py	189	declared_outputs	5	10
nexus/flights.py	202	write_teardown	1	8
nexus/flights.py	212	write_runner_ready	1	8
nexus/flights.py	222	runner_ready	2	7
nexus/flights.py	231	teardown_confirmed	4	9
nexus/flights.py	242	_session_members	9	23
nexus/flights.py	267	_owned_members	12	27
nexus/flights.py	297	_live_pids	6	12
nexus/flights.py	311	_kill_owned_session	23	47
nexus/flights.py	364	kill	13	28
nexus/flights.py	395	alive	5	12
nexus/journeys.py	56	__init__	1	6
nexus/journeys.py	64	run_journeys	2	7
nexus/journeys.py	74	_run_locale	4	25
nexus/journeys.py	101	_finish_browser	4	18
nexus/journeys.py	121	_assert_locale	4	7
nexus/journeys.py	130	_check_timeout	2	3
nexus/journeys.py	135	_evidence	3	16
nexus/journeys.py	153	_route	2	5
nexus/landing.py	24	__init__	1	3
nexus/landing.py	29	_git	3	6
nexus/landing.py	37	hangar_path	1	2
nexus/landing.py	41	target_of	5	7
nexus/landing.py	51	origin_url	1	2
nexus/landing.py	55	target_key	1	2
nexus/landing.py	60	clone_hangar	1	10
nexus/landing.py	73	commit_outputs	2	7
nexus/landing.py	83	push	5	7
nexus/landing.py	93	remote_tip	4	9
nexus/landing.py	105	fast_forward	5	14
nexus/ledger.py	199	_legacy_events	7	16
nexus/ledger.py	222	new_id	1	2
nexus/ledger.py	226	default_path	2	5
nexus/ledger.py	233	_j	1	2
nexus/ledger.py	237	loads	3	7
nexus/ledger.py	247	__init__	3	10
nexus/ledger.py	260	close	1	3
nexus/ledger.py	264	user_version	1	2
nexus/ledger.py	267	migrate	6	14
nexus/ledger.py	285	_migrate_v1	1	3
nexus/ledger.py	292	_migrate_v2	2	6
nexus/ledger.py	309	_fold_v2	16	34
nexus/ledger.py	344	_inherit_v2_objectives	4	16
nexus/ledger.py	362	_migrate_v3	5	16
nexus/ledger.py	380	_backfill_state_events	3	9
nexus/ledger.py	393	tx	2	9
nexus/ledger.py	404	_abort	1	3
nexus/ledger.py	411	_event	3	5
nexus/ledger.py	417	event	1	3
nexus/ledger.py	421	events	3	10
nexus/ledger.py	432	last_event	1	5
nexus/ledger.py	440	add_plan	8	15
nexus/ledger.py	456	plan	1	2
nexus/ledger.py	459	plan_by_name	1	2
nexus/ledger.py	462	plans	2	5
nexus/ledger.py	468	set_plan_enabled	4	6
nexus/ledger.py	475	quarantine_plan	2	7
nexus/ledger.py	483	unquarantine_plan	2	5
nexus/ledger.py	491	add_task	3	17
nexus/ledger.py	509	task	1	2
nexus/ledger.py	512	tasks	3	10
nexus/ledger.py	523	set_task_state	6	19
nexus/ledger.py	543	live_task_with_key	3	10
nexus/ledger.py	556	create_flight	7	23
nexus/ledger.py	583	flight	1	2
nexus/ledger.py	586	flights	6	18
nexus/ledger.py	605	set_state	13	36
nexus/ledger.py	647	set_pid	4	11
nexus/ledger.py	661	fail	3	6
nexus/ledger.py	675	add_artifact	2	10
nexus/ledger.py	686	artifacts	2	6
nexus/ledger.py	695	create_landing	2	12
nexus/ledger.py	708	landing	1	2
nexus/ledger.py	711	landings	2	7
nexus/ledger.py	719	start_applying	6	22
nexus/ledger.py	743	apply_landing	6	33
nexus/ledger.py	784	refuse_landing	4	12
nexus/ledger.py	799	acquire_leases	7	20
nexus/ledger.py	821	release_leases	4	11
nexus/ledger.py	833	expire_leases	4	10
nexus/ledger.py	845	leases	1	2
nexus/ledger.py	850	integrity_check	16	38
nexus/messaging.py	60	__init__	1	3
nexus/messaging.py	65	receipt_state	2	5
nexus/messaging.py	73	run_messaging_probe	6	18
nexus/messaging.py	94	_validate_probe	12	17
nexus/messaging.py	113	_send	2	8
nexus/messaging.py	123	_verify_receipts	8	24
nexus/messaging.py	149	_redact	2	3
nexus/probes.py	29	_text	3	4
nexus/probes.py	35	_owner	6	7
nexus/probes.py	44	build_check_registry	3	8
nexus/probes.py	58	assign_repair_owners	5	17
nexus/probes.py	78	build_probe_output	4	7
nexus/probes.py	88	encode_probe_output	1	3
nexus/probes.py	94	_repair_row	8	14
nexus/radio.py	28	transport	2	3
nexus/radio.py	33	timeout_s	2	5
nexus/radio.py	40	notify	8	26
nexus/radio.py	74	_kill_group	3	8
nexus/repairs.py	19	reconcile_repairs	6	11
nexus/repairs.py	33	reconcile_probe_output	8	16
nexus/repairs.py	52	_canonical_proof	3	10
nexus/repairs.py	64	_apply_proof	14	20
nexus/repairs.py	86	_proof_result	1	3
nexus/repairs.py	91	_failure	3	10
nexus/repairs.py	103	_reconcile	7	18
nexus/repairs.py	123	_repair_issue	7	8
nexus/repairs.py	133	_issues	4	6
nexus/repairs.py	141	_result	1	3
nexus/repairs.py	146	_marker	3	4
nexus/repairs.py	152	_repository	3	5
nexus/repairs.py	159	_text	3	4
nexus/repairs.py	165	_gh	8	12
nexus/sandbox_probes.py	34	plan_definition	3	12
nexus/sandbox_probes.py	49	install_plan	2	6
nexus/sandbox_probes.py	58	sandbox_env	3	2
nexus/sandbox_probes.py	62	load_clients	5	12
nexus/sandbox_probes.py	78	isolated_environment	2	9
nexus/sandbox_probes.py	90	run	5	15
nexus/sandbox_probes.py	108	_probes	5	17
nexus/sandbox_probes.py	127	_rows	2	2
nexus/sandbox_probes.py	131	main	6	14
nexus/sandbox_probes.py	148	_redact	7	9
nexus/tower.py	44	flights_root	2	5
nexus/tower.py	51	_budget	2	7
nexus/tower.py	60	effective_policy	2	2
nexus/tower.py	65	is_paused	2	3
nexus/tower.py	70	pause	1	2
nexus/tower.py	74	resume	1	2
nexus/tower.py	81	tick	4	28
nexus/tower.py	118	_enforce_budgets	7	17
nexus/tower.py	140	_reap	17	41
nexus/tower.py	184	_reconcile_vanished	10	17
nexus/tower.py	204	_finish_failed	4	6
nexus/tower.py	213	_confirm_teardown	2	8
nexus/tower.py	223	logs_root	1	2
nexus/tower.py	227	_keep_log	5	18
nexus/tower.py	255	_sweep_workspaces	7	9
nexus/tower.py	271	_retry_exhausted	9	23
nexus/tower.py	297	_target	3	6
nexus/tower.py	305	_land	5	13
nexus/tower.py	326	_land_one	12	31
nexus/tower.py	360	_applied	4	15
nexus/tower.py	377	_fail_landing	3	5
nexus/tower.py	384	_reconcile_landings	14	35
nexus/tower.py	427	_contains	2	10
nexus/tower.py	440	_quarantine	10	18
nexus/tower.py	465	due	12	30
nexus/tower.py	502	_schedule	7	28
nexus/tower.py	539	accept_tasks	19	34
nexus/tower.py	581	_launch	10	33
nexus/tower.py	616	_spawn	19	67
nexus/tower.py	698	run	6	11
nexus/tower.py	711	status	12	24
nexus/work.py	23	remaining	3	8
nexus/work.py	41	registry	27	35
nexus/work.py	78	github	5	7
nexus/work.py	87	discover	3	8
nexus/work.py	97	capture	2	14
nexus/work.py	113	latest	2	4
nexus/work.py	119	plan	2	10
nexus/work.py	131	claim	11	43
nexus/work.py	176	stop	18	30
nexus/work.py	209	release	6	9
nexus/work.py	220	issue_now	6	11
nexus/work.py	233	eligibility	7	9
nexus/work.py	244	context	6	12
nexus/work.py	259	adapter	7	26
nexus/work.py	289	proof	8	10
nexus/work.py	301	finish	2	10
nexus/work.py	313	close_issue	6	15
nexus/work.py	330	item_attempt	2	6
nexus/work.py	338	fail	2	8
nexus/work.py	348	pending	3	11
nexus/work.py	361	select_executor	4	7
nexus/work.py	370	source_evidence	7	5
nexus/work.py	377	source_continuation	5	5
nexus/work.py	385	execute	26	62
nexus/work.py	450	needs_reconciliation	4	5
nexus/work.py	457	selection_queue	11	24
nexus/work.py	484	selection_priority	2	6
nexus/work.py	492	run	27	46
nexus/work.py	541	next_retry	6	8
nexus/work.py	551	disposition	1	2
nexus/work.py	555	run_task	5	12
nexus/work.py	569	conveyor_attempts	2	8
nexus/work.py	579	_run_task	13	22
nexus/work.py	603	workspace_available	4	5
nexus/work.py	613	status	9	10
nexus/work.py	625	read_status	5	15
scripts/hands.swift	41	die	1	4
scripts/hands.swift	50	windowFrame	4	16
scripts/hands.swift	72	capture	2	17
scripts/hands.swift	93	downscale	4	15
scripts/hands.swift	119	ask	7	63
scripts/hands.swift	191	click	4	13
scripts/icon.swift	70	rgb	1	3
scripts/icon.swift	76	draw	11	69
scripts/pwa-probe.mjs	13	missingManifestFields	1	3
scripts/pwa-probe.mjs	14	(anonymous)	4	4
scripts/pwa-probe.mjs	20	inspectPwa	7	18
scripts/pwa-probe.mjs	28	(anonymous)	2	8
scripts/pwa-probe.mjs	32	resolveAfterTimeout	1	3
scripts/pwa-probe.mjs	42	(anonymous)	1	1
scripts/pwa-probe.mjs	43	(anonymous)	1	1
scripts/pwa-probe.mjs	45	(anonymous)	1	1
scripts/pwa-probe.mjs	51	verifyOfflineShell	2	10
scripts/pwa-probe.mjs	62	verifyInstallability	3	10
scripts/pwa-probe.mjs	73	captureFailureScreenshot	3	8
scripts/pwa-probe.mjs	82	runProbe	6	49
scripts/pwa-probe.mjs	94	(anonymous)	2	3
scripts/pwa-probe.mjs	97	(anonymous)	1	1
scripts/pwa-probe.mjs	134	options	11	16
scripts/pwa-probe.mjs	153	(anonymous)	1	1
scripts/pwa-probe.mjs	154	(anonymous)	1	4
scripts/register-webhooks.sh	103	say	1	1
scripts/runtime_identity.py	26	_run	4	9
scripts/runtime_identity.py	37	_git	1	2
scripts/runtime_identity.py	41	_revision	3	3
scripts/runtime_identity.py	46	source_report	13	26
scripts/runtime_identity.py	74	app_report	8	25
scripts/runtime_identity.py	101	_door_report	12	24
scripts/runtime_identity.py	127	probe_door	18	38
scripts/runtime_identity.py	167	probe_copies	4	7
scripts/runtime_identity.py	176	audit	9	13
scripts/runtime_identity.py	191	main	10	19
scripts/shoot.sh	93	shoot_run	3	8
tests/crash_tower/test_crash_v0.py	42	setUp	1	11
tests/crash_tower/test_crash_v0.py	55	tearDown	2	7
tests/crash_tower/test_crash_v0.py	66	nexus	3	10
tests/crash_tower/test_crash_v0.py	77	running_flights	1	2
tests/crash_tower/test_crash_v0.py	80	test_kill_anything_and_the_ledger_still_has_one_reading	22	77
tests/crash_tower/test_radio_hang.py	26	wait_for	3	7
tests/crash_tower/test_radio_hang.py	35	pids_matching	2	3
tests/crash_tower/test_radio_hang.py	41	setUp	2	8
tests/crash_tower/test_radio_hang.py	51	tearDown	5	12
tests/crash_tower/test_radio_hang.py	64	tick	1	2
tests/crash_tower/test_radio_hang.py	67	test_flight_completes_and_next_one_runs_while_radio_hangs	3	24
tests/crash_tower/test_radio_hang.py	92	test_flight_completes_and_next_one_runs_while_radio_hangs.second_produced	3	5
tests/crash_tower/test_radio_hang.py	101	test_notify_is_bounded_and_never_raises	1	13
tests/ledger_fixture.py	206	build	3	9
tests/pwa_probe.test.mjs	8	pageFixture	1	9
tests/pwa_probe.test.mjs	11	count	1	2
tests/pwa_probe.test.mjs	12	evaluate	2	6
tests/pwa_probe.test.mjs	13	play	1	1
tests/pwa_probe.test.mjs	20	url	1	2
tests/pwa_probe.test.mjs	21	locator	2	2
tests/pwa_probe.test.mjs	22	getAttribute	1	1
tests/pwa_probe.test.mjs	23	first	1	1
tests/pwa_probe.test.mjs	24	get :	1	4
tests/pwa_probe.test.mjs	28	(anonymous)	1	2
tests/pwa_probe.test.mjs	29	(anonymous)	1	1
tests/pwa_probe.test.mjs	33	(anonymous)	1	19
tests/pwa_probe.test.mjs	38	setOffline	1	1
tests/pwa_probe.test.mjs	39	ok	1	1
tests/pwa_probe.test.mjs	39	url	1	1
tests/pwa_probe.test.mjs	48	evaluate	1	1
tests/pwa_probe.test.mjs	53	context	1	2
tests/pwa_probe.test.mjs	53	newCDPSession	1	2
tests/pwa_probe.test.mjs	53	send	2	2
tests/test_automation.py	31	receipt	1	2
tests/test_automation.py	35	station	1	2
tests/test_automation.py	39	issue	1	3
tests/test_automation.py	55	build	4	5
tests/test_automation.py	61	test_a_row_links_to_the_comment_when_the_bot_still_has_the_last_word	1	9
tests/test_automation.py	71	test_a_human_reply_removes_the_comment_link_rather_than_moving_it	1	11
tests/test_automation.py	87	test_an_issue_the_office_cannot_see_still_gets_a_row_and_a_thread_link	1	7
tests/test_automation.py	96	test_the_issue_number_is_matched_as_a_string_not_a_number	1	6
tests/test_automation.py	106	test_sweep_receipts_are_dropped_and_the_survey_never_crowds_the_page	3	7
tests/test_automation.py	114	test_a_receipt_naming_no_issue_is_never_a_row	1	4
tests/test_automation.py	119	test_rows_are_newest_first_across_every_desk	2	7
tests/test_automation.py	127	test_the_cap_is_said_out_loud_and_never_silently_applied	2	6
tests/test_automation.py	134	test_every_outcome_carries_a_tone_and_a_sentence_a_person_can_read	3	8
tests/test_automation.py	143	test_a_lane_that_never_ran_is_never_described_as_a_decision	1	10
tests/test_automation.py	161	test_an_outcome_nobody_has_seen_before_is_a_row_not_a_crash	1	4
tests/test_automation.py	170	page	2	3
tests/test_automation.py	174	test_a_run_in_flight_wins_over_everything	1	4
tests/test_automation.py	179	test_a_scheduler_that_stopped_firing_says_so_rather_than_reading_idle	1	4
tests/test_automation.py	184	test_switched_off_is_a_decision_and_reads_like_one	1	3
tests/test_automation.py	188	test_deferring_on_battery_is_not_an_idle_hour	1	3
tests/test_automation.py	194	test_a_pipeline_that_could_not_be_read_says_that_and_nothing_reassuring	1	3
tests/test_automation.py	198	test_the_headline_always_fits_on_a_card	1	3
tests/test_automation.py	209	test_a_pipeline_that_could_not_be_read_still_answers_every_block	2	8
tests/test_automation.py	218	test_no_sections_at_all_is_still_a_page	2	5
tests/test_automation.py	224	test_the_door_being_unreachable_travels_to_this_page	1	7
tests/test_automation.py	234	test_what_the_sweep_reached_is_carried_not_recomputed	1	4
tests/test_board.py	21	setUp	1	6
tests/test_board.py	28	write	1	11
tests/test_board.py	42	test_no_vault_is_not_an_empty_feed	1	5
tests/test_board.py	48	test_no_board_is_not_an_empty_feed	1	2
tests/test_board.py	51	test_an_empty_board_says_ok	2	7
tests/test_board.py	61	test_global_and_account_feeds	2	7
tests/test_board.py	69	test_counts_are_per_account_not_per_floor	1	5
tests/test_board.py	75	test_kind_filter_and_search	1	7
tests/test_board.py	83	test_a_torn_post_is_shown_not_dropped	2	7
tests/test_board.py	91	test_a_bad_account_is_refused	1	3
tests/test_board.py	97	test_a_reply_through_the_door_authorizes	1	8
tests/test_board.py	106	test_an_agents_reply_never_authorizes	1	13
tests/test_board.py	123	test_her_post_does_not_authorize_anything	1	8
tests/test_board.py	132	test_compose_on_the_global_feed_is_her_own_account	1	4
tests/test_board.py	137	test_empty_writes_are_refused	1	5
tests/test_bot_reports.py	24	do_GET	2	5
tests/test_bot_reports.py	30	do_POST	4	13
tests/test_bot_reports.py	44	reply	1	7
tests/test_bot_reports.py	52	log_message	1	2
tests/test_bot_reports.py	57	setUp	2	12
tests/test_bot_reports.py	70	tearDown	1	3
tests/test_bot_reports.py	74	test_every_daily_role_posts_and_receives_a_new_reply	2	3
tests/test_bot_reports.py	78	test_one_bot_can_be_run_for_a_focused_retry	1	4
tests/test_bot_reports.py	83	test_empty_evidence_and_unverified_results_fail_closed	1	4
tests/test_bot_reports.py	88	test_the_scheduler_triggers_identity_instead_of_puppeteering_the_voice	1	4
tests/test_bot_reports.py	93	test_failed_matching_inference_is_not_a_success	1	4
tests/test_bot_reports.py	98	test_missing_group_and_wrong_request_fail_closed	3	7
tests/test_bot_reports.py	106	test_unrelated_assistant_does_not_complete_report	1	4
tests/test_buzz.py	35	__init__	1	2
tests/test_buzz.py	38	getcode	1	2
tests/test_buzz.py	41	__enter__	1	2
tests/test_buzz.py	44	__exit__	1	2
tests/test_buzz.py	49	setUp	2	5
tests/test_buzz.py	58	tearDown	2	3
tests/test_buzz.py	65	relay	1	6
tests/test_buzz.py	69	relay.fake	2	5
tests/test_buzz.py	81	test_202_is_the_only_success	1	4
tests/test_buzz.py	86	test_200_is_a_failure_and_says_so	1	5
tests/test_buzz.py	92	test_the_body_field_is_board	1	9
tests/test_buzz.py	104	test_the_request_is_the_researched_call	1	8
tests/test_buzz.py	113	test_the_url_is_overridable	1	5
tests/test_buzz.py	121	test_no_secret_means_false_and_no_request	1	6
tests/test_buzz.py	128	test_unconfigured_is_logged_once_not_every_event	2	6
tests/test_buzz.py	135	test_a_blank_url_override_falls_back_to_the_default	1	5
tests/test_buzz.py	143	test_a_network_error_is_false_and_logged_never_raised	1	5
tests/test_buzz.py	149	test_an_http_error_is_false_and_logged	1	5
tests/test_buzz.py	155	test_the_log_never_carries_the_secret	1	4
tests/test_buzz.py	160	test_empty_text_posts_nothing	1	4
tests/test_buzz.py	167	test_the_same_kind_and_subject_fires_once_per_window	1	6
tests/test_buzz.py	174	test_a_different_subject_is_a_different_tap	1	5
tests/test_buzz.py	180	test_a_different_kind_on_one_subject_is_a_different_tap	1	5
tests/test_buzz.py	186	test_the_window_is_configurable_and_zero_disables_it	1	6
tests/test_buzz.py	193	test_a_junk_window_falls_back_to_the_default	1	3
tests/test_buzz.py	197	test_a_failed_post_still_consumes_the_window	1	5
tests/test_buzz.py	207	test_gate_raised_names_the_bot_the_permission_and_the_target	1	11
tests/test_buzz.py	219	test_gate_raised_survives_an_empty_gate	1	5
tests/test_buzz.py	225	test_gate_raised_trims_the_target_to_eighty	1	5
tests/test_buzz.py	231	test_pr_landed_reads_as_a_sentence	1	5
tests/test_buzz.py	237	test_lane_refused_reads_as_a_sentence	1	5
tests/test_buzz.py	243	test_lane_refused_without_an_issue_drops_the_hash	1	5
tests/test_buzz.py	249	test_every_shape_stays_under_two_hundred_characters	2	9
tests/test_buzz.py	259	test_no_shape_leaks_an_em_dash	2	7
tests/test_buzz.py	273	test_only_a_hand_that_was_not_there_before_is_new	1	4
tests/test_buzz.py	278	test_receipts_are_tailed_from_where_we_left_off_and_a_rotated_file_reads_from_the_top	3	19
tests/test_care.py	23	stamp	1	3
tests/test_care.py	29	setUp	1	7
tests/test_care.py	37	tearDown	1	3
tests/test_care.py	41	snapshot	2	10
tests/test_care.py	52	read	1	2
tests/test_care.py	57	test_never_run_is_not_quiet	1	7
tests/test_care.py	65	test_a_dark_mailbox_is_named	1	9
tests/test_care.py	75	test_a_stale_sweep_takes_the_headline_over_every_count	1	8
tests/test_care.py	84	test_a_torn_snapshot_has_a_name	1	6
tests/test_care.py	91	test_a_rehearsal_is_not_a_filing	1	7
tests/test_care.py	99	test_errors_and_holds_raise_a_hand	1	9
tests/test_care.py	109	test_a_healthy_sweep_counts_and_lists_threads	2	18
tests/test_care.py	128	test_a_clear_inbox_says_so_without_an_alarm	1	5
tests/test_care_grader.py	22	setUp	1	7
tests/test_care_grader.py	30	tearDown	1	3
tests/test_care_grader.py	34	write	3	3
tests/test_care_grader.py	38	row	1	6
tests/test_care_grader.py	47	test_unconfigured	1	5
tests/test_care_grader.py	53	test_never_is_not_clear	1	4
tests/test_care_grader.py	59	test_empty_is_not_false_green	1	8
tests/test_care_grader.py	68	test_torn_only_is_unreadable	1	6
tests/test_care_grader.py	75	test_all_agree	2	7
tests/test_care_grader.py	83	test_disagreement_surfaces_as_needs	2	10
tests/test_care_grader.py	94	test_torn_line_costs_only_that_row	1	9
tests/test_care_probe.py	14	__init__	1	4
tests/test_care_probe.py	19	reply	2	5
tests/test_care_probe.py	25	create_account	1	3
tests/test_care_probe.py	29	record_consent	1	2
tests/test_care_probe.py	32	start_session	1	2
tests/test_care_probe.py	35	verify_session	1	2
tests/test_care_probe.py	38	limited_request	2	7
tests/test_care_probe.py	46	delete_account	1	2
tests/test_care_probe.py	49	access_account	1	2
tests/test_care_probe.py	52	cleanup	1	2
tests/test_care_probe.py	57	test_lifecycle_rate_limit_evidence_and_cleanup	2	17
tests/test_care_probe.py	76	test_failure_and_timeout_still_cleanup	1	12
tests/test_care_probe.py	90	test_errors_redact_created_identifiers	1	7
tests/test_care_probe.py	92	test_errors_redact_created_identifiers.record_consent	1	2
tests/test_care_probe.py	100	test_unexpected_rate_status_or_metadata_fails_after_cleanup	1	13
tests/test_care_probe.py	108	test_unexpected_rate_status_or_metadata_fails_after_cleanup.limited_request	2	3
tests/test_checkout_probe.py	14	__init__	1	5
tests/test_checkout_probe.py	20	create_checkout	2	9
tests/test_checkout_probe.py	30	expire_checkout	2	4
tests/test_checkout_probe.py	37	test_success_verifies_unique_no_charge_checkout_and_expires_it	2	10
tests/test_checkout_probe.py	49	test_provider_rejection_is_redacted	1	9
tests/test_checkout_probe.py	60	test_timeout_still_expires_created_checkout	1	7
tests/test_checkout_probe.py	69	test_cleanup_failure_is_reported_with_redacted_identifier	1	8
tests/test_clock.py	43	setUp	1	8
tests/test_clock.py	52	tearDown	1	3
tests/test_clock.py	58	jobctl	1	4
tests/test_clock.py	64	status	2	1
tests/test_clock.py	75	registry	3	5
tests/test_clock.py	82	row	1	3
tests/test_clock.py	87	reg	4	9
tests/test_clock.py	97	by_id	2	2
tests/test_clock.py	103	test_a_job_that_has_never_run_is_never_not_stale	1	9
tests/test_clock.py	116	test_a_job_that_ran_and_stopped_is_stale	1	9
tests/test_clock.py	126	test_off_is_a_decision_and_never_becomes_stale	1	11
tests/test_clock.py	141	test_failing_is_kept_apart_from_stale	1	8
tests/test_clock.py	150	test_a_dead_daemon_is_failing_not_never_fired	1	8
tests/test_clock.py	164	test_a_null_budget_job_is_marked_unwatched	1	11
tests/test_clock.py	178	test_a_daemon_with_a_null_budget_is_not_called_unwatched	1	6
tests/test_clock.py	187	test_a_malformed_registry_line_is_reported_not_swallowed	1	9
tests/test_clock.py	198	test_the_command_and_schedule_come_through_verbatim	1	8
tests/test_clock.py	207	test_a_job_missing_from_the_registry_is_flagged	1	7
tests/test_clock.py	217	test_a_hanging_jobctl_is_a_timeout_not_an_empty_wall	1	11
tests/test_clock.py	229	test_a_nonzero_exit_is_still_read_because_unhealthy_exits_one	1	7
tests/test_clock.py	237	test_garbage_on_stdout_is_unreadable_not_empty	1	10
tests/test_clock.py	248	test_no_jobctl_says_so_rather_than_showing_nothing_scheduled	1	5
tests/test_clock.py	254	test_an_unconfigured_root_is_its_own_state	1	5
tests/test_clock.py	260	test_genuinely_zero_jobs_is_ok_and_empty_not_broken	1	8
tests/test_clock.py	273	test_faults_sort_above_off_and_ok	2	12
tests/test_clock.py	291	card	1	2
tests/test_clock.py	294	test_the_card_says_how_many_jobs_need_a_look	2	18
tests/test_clock.py	315	test_a_wall_with_nothing_wrong_says_so_rather_than_going_quiet	1	8
tests/test_clock.py	325	test_a_switched_off_job_is_counted_and_never_leads	2	10
tests/test_clock.py	337	test_a_broken_jobctl_card_says_what_is_wrong_and_wants_a_person	1	5
tests/test_clock.py	356	card	1	2
tests/test_clock.py	359	three	1	10
tests/test_clock.py	371	test_every_job_becomes_a_row_in_the_order_the_source_sorted_them	3	8
tests/test_clock.py	380	test_the_rows_are_grouped_problem_first_then_off_then_healthy	2	7
tests/test_clock.py	388	test_a_row_carries_the_state_the_schedule_the_owner_and_the_command	1	14
tests/test_clock.py	403	test_a_paused_job_is_dim_and_a_healthy_one_is_not_an_alarm	2	6
tests/test_clock.py	410	test_a_job_nothing_watches_says_so_in_its_own_row	1	6
tests/test_clock.py	419	test_a_command_file_that_exists_under_the_root_becomes_a_link	1	10
tests/test_clock.py	435	test_a_command_path_that_is_not_there_is_never_linked	1	8
tests/test_clock.py	444	test_a_command_path_outside_the_root_is_never_linked	1	6
tests/test_clock.py	453	test_a_directory_or_a_relative_path_is_not_a_file_to_open	2	9
tests/test_clock.py	463	test_a_symlink_out_of_the_root_is_not_inside_the_root	1	12
tests/test_clock.py	476	test_a_source_that_could_not_read_the_clock_has_no_rows	1	4
tests/test_context.py	47	setUp	1	12
tests/test_context.py	61	setUp.desk_dir	2	3
tests/test_context.py	71	write	1	5
tests/test_context.py	77	index	1	4
tests/test_context.py	82	paths	2	2
tests/test_context.py	87	test_an_empty_checkout_is_an_empty_index_not_an_error	1	8
tests/test_context.py	98	test_the_root_readme_is_indexed_and_readable	1	8
tests/test_context.py	108	test_every_markdown_under_meta_is_indexed_at_any_depth	1	9
tests/test_context.py	118	test_a_markdown_extension_is_matched_whatever_its_case	1	4
tests/test_context.py	123	test_code_and_other_files_are_never_in_the_index	2	8
tests/test_context.py	135	test_every_markdown_anywhere_in_the_checkout_is_indexed	2	8
tests/test_context.py	147	test_a_folder_that_is_itself_a_checkout_is_not_this_desk_s_context	1	8
tests/test_context.py	160	test_a_readme_that_is_not_markdown_is_not_context	1	4
tests/test_context.py	165	test_a_readme_with_no_extension_is_markdown_by_convention	1	3
tests/test_context.py	169	test_the_index_is_sorted_the_same_way_every_time	2	11
tests/test_context.py	181	test_each_entry_carries_what_the_app_draws_and_nothing_more	1	8
tests/test_context.py	190	test_mtime_is_the_file_s_own_and_distinguishes_a_fresh_document	2	10
tests/test_context.py	203	test_a_root_readme_is_grouped_apart_from_the_meta_tree	1	3
tests/test_context.py	209	test_more_than_the_old_file_cap_are_all_indexed	2	6
tests/test_context.py	217	test_scan_count_does_not_truncate_the_index	2	7
tests/test_context.py	227	test_a_file_that_will_not_open_is_skipped_rather_than_fatal	1	9
tests/test_context.py	247	setUp	1	4
tests/test_context.py	252	test_a_traversal_is_refused_without_reading_anything	2	6
tests/test_context.py	259	test_an_absolute_path_is_refused	2	6
tests/test_context.py	266	test_a_windows_separator_or_a_null_byte_is_not_a_path_here	2	3
tests/test_context.py	270	test_a_repo_the_office_cannot_place_is_a_miss_not_a_guess	1	6
tests/test_context.py	277	test_a_door_with_no_vault_says_that_rather_than_blaming_the_desk	1	5
tests/test_context.py	285	test_a_repo_that_is_not_a_name_with_a_slash_in_it_is_refused	2	4
tests/test_context.py	290	test_the_checkout_comes_only_from_desk_dir	1	3
tests/test_context.py	296	test_a_readme_that_is_a_symlink_is_not_the_repos_own_readme	1	6
tests/test_context.py	305	test_a_document_does_not_resend_the_index_the_client_already_has	2	10
tests/test_context.py	316	test_file_reads_reuse_the_last_verified_index	1	9
tests/test_context.py	326	test_an_index_refresh_finds_a_file_created_after_the_first_read	1	5
tests/test_context.py	332	test_direct_open_refreshes_a_stale_index_for_a_new_file	1	8
tests/test_context.py	341	test_bytes_that_are_not_utf8_are_replaced_rather_than_fatal	1	5
tests/test_context.py	347	test_every_answer_carries_the_same_keys_so_a_renderer_never_asks	2	6
tests/test_context.py	356	setUp	1	3
tests/test_context.py	360	payload	1	5
tests/test_context.py	366	test_an_indexed_markdown_file_is_replaced_and_returned	2	8
tests/test_context.py	375	test_an_external_change_is_a_conflict_not_an_overwrite	1	6
tests/test_context.py	382	test_invalid_fields_and_oversize_text_are_refused	2	5
tests/test_context.py	388	test_a_write_preserves_the_file_mode	1	5
tests/test_context.py	394	test_a_change_during_staging_is_not_replaced	1	7
tests/test_context.py	397	test_a_change_during_staging_is_not_replaced.change_then_sync	1	3
tests/test_cost.py	29	_local_iso	1	3
tests/test_cost.py	37	rows	1	24
tests/test_cost.py	73	setUp	1	5
tests/test_cost.py	79	tearDown	1	3
tests/test_cost.py	84	path	1	2
tests/test_cost.py	87	write	3	3
tests/test_cost.py	91	read	1	3
tests/test_cost.py	95	full	1	5
tests/test_cost.py	105	test_no_root_configured_is_not_zero	1	3
tests/test_cost.py	109	test_a_root_that_is_not_there_says_so	1	3
tests/test_cost.py	113	test_no_ledger_is_not_an_empty_ledger	1	2
tests/test_cost.py	116	test_an_empty_ledger_is_not_a_missing_one	1	3
tests/test_cost.py	122	test_the_total_is_every_row_including_the_awkward_ones	1	6
tests/test_cost.py	130	test_cost_usd_is_money_too	1	3
tests/test_cost.py	134	test_money_is_never_re_derived_from_tokens	1	4
tests/test_cost.py	142	test_a_row_with_no_money_field_is_counted_not_invented	1	5
tests/test_cost.py	150	test_estimated_money_stays_in_its_own_band	1	5
tests/test_cost.py	157	test_rows_with_no_estimate_flag_are_neither	1	5
tests/test_cost.py	164	test_the_three_bands_add_up_to_the_total	1	6
tests/test_cost.py	171	test_the_estimated_fraction_is_of_the_whole_total	1	4
tests/test_cost.py	176	test_no_estimated_rows_means_a_zero_fraction_not_a_missing_one	1	5
tests/test_cost.py	184	test_undated_rows_are_counted_and_their_money_kept	1	6
tests/test_cost.py	193	test_undated_money_is_absent_from_every_bar	2	5
tests/test_cost.py	199	test_a_ts_field_is_a_usable_date	1	3
tests/test_cost.py	203	test_an_unparseable_line_is_counted_not_skipped	1	3
tests/test_cost.py	207	test_an_unparseable_line_does_not_lose_the_rows_after_it	1	3
tests/test_cost.py	213	test_the_window_is_fourteen_days_ending_today	1	7
tests/test_cost.py	221	test_a_day_with_no_spend_is_present_and_zero	1	6
tests/test_cost.py	228	test_a_row_older_than_the_window_stays_in_the_lifetime_total	1	6
tests/test_cost.py	237	test_a_missing_family_is_its_own_bucket_not_a_lump	3	7
tests/test_cost.py	246	test_breakdowns_sum_to_the_lifetime_total	3	7
tests/test_cost.py	254	test_breakdowns_are_biggest_first	2	4
tests/test_cost.py	264	card	1	4
tests/test_cost.py	269	test_the_headline_is_measured_money_and_never_the_three_bands_summed	2	10
tests/test_cost.py	283	test_a_row_nobody_can_read_is_a_thing_that_needs_a_person	2	6
tests/test_cost.py	290	test_a_clean_ledger_needs_nobody	1	6
tests/test_cost.py	297	test_a_ledger_that_was_never_written_is_not_a_ledger_reading_zero	1	5
tests/test_decision_block.py	33	parse	1	2
tests/test_decision_block.py	36	test_a_good_block_becomes_a_question_and_its_options	2	9
tests/test_decision_block.py	46	test_the_recommended_option_is_marked_and_the_others_are_not	2	4
tests/test_decision_block.py	52	test_the_bot_marker_riding_at_the_end_is_tolerated	1	3
tests/test_decision_block.py	57	test_four_options_are_the_ceiling_and_two_are_the_floor	2	7
tests/test_decision_block.py	65	test_a_comment_without_a_question_mark_first_is_not_a_decision	1	7
tests/test_decision_block.py	73	test_options_that_do_not_count_from_one_are_refused	1	3
tests/test_decision_block.py	78	test_a_label_with_no_consequence_still_parses	1	4
tests/test_decision_block.py	85	test_the_pr_a_landed_comment_names_is_a_number	1	3
tests/test_decision_block.py	89	test_no_pr_named_is_none_and_never_zero	1	4
tests/test_decision_block.py	99	row	1	7
tests/test_decision_block.py	107	test_a_parked_issue_carries_its_decision	1	5
tests/test_decision_block.py	113	test_a_landed_issue_carries_its_pr_and_no_decision	1	5
tests/test_decision_block.py	119	test_an_ordinary_park_carries_neither	1	4
tests/test_decision_block.py	124	test_a_block_past_the_1500_character_trim_still_parses	1	5
tests/test_flights.py	14	wait_for	3	7
tests/test_flights.py	24	runner	1	6
tests/test_flights.py	31	test_runner_cancels_nested_groups_in_its_owned_session	3	23
tests/test_flights.py	57	test_runner_cancels_descendant_new_sessions	3	17
tests/test_flights.py	75	test_runner_reaps_background_work_after_its_group_leader_exits	2	18
tests/test_flights.py	98	test_empty_pid_inventory_is_already_stopped	1	3
tests/test_flights.py	103	test_session_enumeration_failure_is_not_confirmed	1	2
tests/test_flights.py	109	test_unresponsive_runner_is_escalated_but_not_reported_clean	1	6
tests/test_flows.py	32	iso	1	2
tests/test_flows.py	40	setUp	1	9
tests/test_flows.py	50	tearDown	1	4
tests/test_flows.py	57	registry	4	11
tests/test_flows.py	70	receipt	1	4
tests/test_flows.py	75	write_receipts	1	2
tests/test_flows.py	78	all_ok	3	3
tests/test_flows.py	82	by_id	2	2
tests/test_flows.py	88	test_all_holding	3	15
tests/test_flows.py	104	test_rc0_did_nothing_is_broken	1	26
tests/test_flows.py	134	test_nonzero_rc_is_broken	1	18
tests/test_flows.py	154	test_stale_past_budget	1	17
tests/test_flows.py	172	test_null_budget_is_never_stale	1	9
tests/test_flows.py	182	test_never_ran	1	14
tests/test_flows.py	197	test_off_is_not_an_alarm	1	17
tests/test_flows.py	217	test_unregistered_flow_is_named	3	19
tests/test_flows.py	241	test_precedence_broken_beats_stale	1	9
tests/test_flows.py	253	test_worst_first_and_counts	2	18
tests/test_flows.py	275	test_unconfigured_needs_nobody	1	7
tests/test_flows.py	283	test_missing_root	1	7
tests/test_flows.py	291	test_missing_receipts_is_an_alarm	1	10
tests/test_flows.py	304	test_unreadable_receipts	1	8
tests/test_flows.py	313	test_receipts_path_derives_from_jobctl_runtime_dir	2	12
tests/test_flows.py	329	test_tail_only_read_on_a_junk_heavy_file	4	18
tests/test_flows.py	353	test_torn_first_line_is_dropped	2	8
tests/test_flows.py	365	test_last_receipt_wins_by_started_not_file_order	1	10
tests/test_gate_post_contract.py	25	test_real_harness_timeout_post_renders_question_author_and_outcome	1	18
tests/test_gate_post_contract.py	45	test_legacy_display_alias_cannot_impersonate_the_person	1	24
tests/test_journeys.py	22	__init__	1	8
tests/test_journeys.py	31	open	1	2
tests/test_journeys.py	34	set_timeout	1	2
tests/test_journeys.py	37	assert_control	2	3
tests/test_journeys.py	41	assert_control_absent	1	2
tests/test_journeys.py	44	act	1	3
tests/test_journeys.py	48	assert_progress	3	3
tests/test_journeys.py	52	assert_completion	3	3
tests/test_journeys.py	56	screenshot	1	2
tests/test_journeys.py	59	console_errors	2	2
tests/test_journeys.py	62	cleanup	1	2
tests/test_journeys.py	65	close	1	2
tests/test_journeys.py	70	test_all_locale_variants_complete_with_unique_sandbox_data	7	13
tests/test_journeys.py	73	test_all_locale_variants_complete_with_unique_sandbox_data.factory	1	4
tests/test_journeys.py	89	test_localized_failure_names_locale_step_route_and_evidence	3	12
tests/test_journeys.py	92	test_localized_failure_names_locale_step_route_and_evidence.factory	2	5
tests/test_journeys.py	108	test_cleanup_failure_has_evidence_and_still_closes	1	11
tests/test_journeys.py	110	test_cleanup_failure_has_evidence_and_still_closes.cleanup	1	3
tests/test_landing.py	23	git	1	3
tests/test_landing.py	29	setUp	1	15
tests/test_landing.py	45	tearDown	2	5
tests/test_landing.py	51	plan	1	6
tests/test_landing.py	58	tick	1	2
tests/test_landing.py	61	run_until	3	8
tests/test_landing.py	71	produced_by_hand	1	13
tests/test_landing.py	86	landed	1	2
tests/test_landing.py	89	test_output_lands_as_a_commit_and_the_human_tree_fast_forwards	3	17
tests/test_landing.py	107	test_dirty_human_tree_is_left_alone_but_the_landing_still_applies	1	12
tests/test_landing.py	120	test_push_rejected_fails_the_flight_with_a_code_and_the_retry_lands	1	21
tests/test_landing.py	145	test_crash_after_applying_before_push_is_reconciled_by_pushing_again	1	12
tests/test_landing.py	160	test_crash_after_push_before_applied_is_reconciled_from_the_remote_tip	1	13
tests/test_landing.py	174	test_applying_with_no_hangar_and_no_push_is_refused_not_guessed	1	10
tests/test_landing.py	185	test_flight_without_a_target_still_ends_at_produced	1	6
tests/test_landing.py	198	test_only_declared_outputs_land_and_globs_are_declarations	2	18
tests/test_ledger.py	21	setUp	1	7
tests/test_ledger.py	29	tearDown	1	3
tests/test_ledger.py	35	test_wal_and_version	1	4
tests/test_ledger.py	40	test_schema_v1_tables_all_present	3	5
tests/test_ledger.py	46	test_migration_copies_a_backup_before_touching_the_file	1	11
tests/test_ledger.py	59	test_a_newer_ledger_is_refused_not_downgraded	1	5
tests/test_ledger.py	67	test_updating_an_event_raises	1	4
tests/test_ledger.py	72	test_deleting_an_event_raises	1	4
tests/test_ledger.py	77	test_a_terminal_flight_can_never_be_updated	1	5
tests/test_ledger.py	83	test_a_flight_row_is_never_deleted	1	4
tests/test_ledger.py	88	test_an_applied_landing_is_history	1	9
tests/test_ledger.py	100	test_an_illegal_transition_raises	1	4
tests/test_ledger.py	105	test_every_state_in_the_table_is_reachable_in_the_table	3	3
tests/test_ledger.py	109	test_compare_and_set_refuses_a_stale_writer	1	4
tests/test_ledger.py	114	test_landed_requires_an_applied_landing	3	6
tests/test_ledger.py	121	test_apply_landing_is_idempotent	2	8
tests/test_ledger.py	130	test_applying_is_recorded_before_the_push	2	8
tests/test_ledger.py	141	test_every_state_change_writes_an_event	4	7
tests/test_ledger.py	149	test_a_state_with_no_event_is_an_integrity_problem	2	4
tests/test_ledger.py	154	test_a_failure_is_always_a_structured_code	1	5
tests/test_ledger.py	162	test_a_resource_is_leased_by_one_flight	1	5
tests/test_ledger.py	168	test_all_resources_or_none	2	6
tests/test_ledger.py	175	test_expiry_frees_a_resource_without_asking_the_holder	1	5
tests/test_ledger.py	181	test_a_terminal_flight_drops_its_leases	1	6
tests/test_ledger.py	188	test_a_lease_held_by_a_dead_flight_is_an_integrity_problem	2	5
tests/test_ledger.py	196	test_a_dedupe_key_is_owned_by_one_live_task	1	5
tests/test_ledger.py	202	test_a_decided_task_is_history	1	5
tests/test_ledger.py	211	test_a_healthy_ledger_has_no_problems	1	6
tests/test_ledger.py	218	test_an_unknown_state_is_caught	2	4
tests/test_ledger.py	227	schema	4	9
tests/test_ledger.py	238	test_upgraded_v1_equals_fresh_v2	1	27
tests/test_ledger.py	270	test_missing_objective_reference_rolls_back_v2	2	25
tests/test_ledger.py	298	partial_v2	5	22
tests/test_ledger.py	322	test_partial_v2_equals_fresh_v3	1	23
tests/test_ledger.py	347	test_partial_v2_with_relationships_is_refused	2	12
tests/test_ledger_fixture.py	12	schema_rows	1	5
tests/test_ledger_fixture.py	19	schema_digest	2	6
tests/test_ledger_fixture.py	27	test_build_matches_captured_live_v1_schema	3	12
tests/test_ledger_fixture.py	42	test_build_seeds_required_v1_rows	2	29
tests/test_lesson_previews.py	14	preview	2	11
tests/test_lesson_previews.py	27	production	1	8
tests/test_lesson_previews.py	38	setUp	1	3
tests/test_lesson_previews.py	42	tearDown	1	2
tests/test_lesson_previews.py	45	write	2	6
tests/test_lesson_previews.py	52	test_canonical_head_state_rejects_ancestor_preview	1	10
tests/test_lesson_previews.py	63	test_stale_candidate_is_red_and_its_url_is_not_exposed	1	6
tests/test_lesson_previews.py	70	test_missing_deployment_is_red_and_its_url_is_not_exposed	1	5
tests/test_lesson_previews.py	76	test_verified_candidate_newer_than_production_is_linked_and_flagged	1	6
tests/test_lesson_previews.py	83	test_noncanonical_variant_folder_is_refused	1	3
tests/test_lesson_previews.py	87	test_dirty_pass_never_becomes_a_link	1	5
tests/test_library.py	42	seed	1	8
tests/test_library.py	52	row	1	4
tests/test_library.py	59	setUp	1	9
tests/test_library.py	71	tearDown	2	4
tests/test_library.py	77	db	1	2
tests/test_library.py	82	test_the_store_reports_its_real_size_not_the_snapshot_size	4	8
tests/test_library.py	96	test_archived_learnings_are_counted_but_not_shelved	5	9
tests/test_library.py	106	test_failure_and_gotcha_are_shelved_first_so_they_land_at_eye_level	2	6
tests/test_library.py	115	test_an_unknown_type_still_gets_a_shelf	2	6
tests/test_library.py	124	test_items_carry_type_and_hits_and_provenance	1	9
tests/test_library.py	134	test_a_memory_with_no_evidence_is_flagged_as_unsourced	2	5
tests/test_library.py	142	test_every_live_learning_is_carried_most_recalled_first	4	6
tests/test_library.py	153	test_long_bodies_are_clipped_so_the_snapshot_stays_small	1	7
tests/test_library.py	171	test_nothing_is_left_off_the_shelf_however_many_there_are	2	8
tests/test_library.py	180	test_a_body_is_still_clipped_even_though_the_list_is_not	2	4
tests/test_library.py	187	test_a_snapshot_costs_a_bounded_amount_per_learning	3	14
tests/test_library.py	216	test_an_absent_agentdb_is_absent_not_empty	1	5
tests/test_library.py	223	test_an_unconfigured_vault_says_so_rather_than_looking_empty	1	5
tests/test_library.py	229	test_a_corrupt_database_is_an_error_not_an_empty_library	1	5
tests/test_library.py	235	test_a_genuinely_empty_store_is_ok_with_no_shelves	1	6
tests/test_library.py	244	test_the_db_path_is_absolute_and_taken_from_the_vault_root	1	4
tests/test_library.py	251	test_agentdb_root_overrides_the_vault_root	1	7
tests/test_library.py	261	test_a_down_runtime_leaves_the_review_cart_unknown_not_empty	1	6
tests/test_library.py	270	test_a_down_runtime_does_not_take_the_shelves_down_with_it	2	6
tests/test_library.py	278	test_a_hanging_runtime_does_not_hang_the_snapshot	2	26
tests/test_library.py	290	test_a_hanging_runtime_does_not_hang_the_snapshot.hold	3	8
tests/test_library.py	319	test_the_library_lands_in_the_snapshot_under_its_key	1	6
tests/test_library.py	328	card	1	2
tests/test_library.py	331	test_the_card_counts_the_shelves_and_the_recalls	2	12
tests/test_library.py	344	test_a_closed_runtime_leaves_the_review_queue_unknown_not_empty	2	5
tests/test_library.py	351	test_a_vault_that_has_never_learned_anything_is_not_a_broken_one	1	5
tests/test_library.py	367	card	1	2
tests/test_library.py	370	test_every_live_learning_becomes_a_row_even_past_the_old_cap	4	7
tests/test_library.py	378	test_an_archived_learning_is_never_a_row	2	5
tests/test_library.py	384	test_the_rows_are_grouped_by_type_at_eye_level_first	2	5
tests/test_library.py	390	test_a_row_carries_the_lesson_its_evidence_its_hits_and_its_record	1	10
tests/test_library.py	401	test_an_unsourced_row_says_so_rather_than_borrowing_authority	2	8
tests/test_library.py	410	test_the_row_bodies_are_clipped_the_same_way_the_shelf_items_are	1	6
tests/test_library.py	417	test_a_store_that_will_not_open_has_no_rows_to_show	1	5
tests/test_library.py	423	test_the_shelf_and_the_rows_never_disagree_about_what_is_there	4	8
tests/test_live.py	30	claude_record	1	4
tests/test_live.py	36	codex_record	1	2
tests/test_live.py	43	test_every_slash_and_dot_becomes_a_dash	1	5
tests/test_live.py	49	test_a_worktree_path_is_looked_for_under_both_of_its_names	1	4
tests/test_live.py	57	test_the_private_prefix_macos_adds_is_tried_without_it	1	3
tests/test_live.py	61	test_nothing_is_a_directory_name_for_nothing	1	2
tests/test_live.py	66	test_a_plain_user_message_is_one_user_line	2	4
tests/test_live.py	71	test_an_assistant_turn_comes_apart_into_what_it_thought_said_and_ran	2	12
tests/test_live.py	86	test_a_tool_result_arrives_as_its_own_kind_and_not_as_the_person_talking	2	6
tests/test_live.py	93	test_the_records_that_are_not_conversation_produce_nothing	2	5
tests/test_live.py	99	test_a_very_long_line_is_clipped_and_says_so	1	5
tests/test_live.py	107	test_the_three_roles_land_where_a_reader_expects_them	3	6
tests/test_live.py	114	test_a_tool_call_and_its_output_are_a_call_and_a_result	1	9
tests/test_live.py	124	test_encrypted_reasoning_and_the_bookkeeping_produce_nothing	1	6
tests/test_live.py	135	__init__	1	4
tests/test_live.py	140	__call__	12	21
tests/test_live.py	164	setUp	2	17
tests/test_live.py	183	reset	1	4
tests/test_live.py	188	machine	1	4
tests/test_live.py	193	claude_transcript	2	6
tests/test_live.py	200	codex_transcript	4	12
tests/test_live.py	214	test_every_process_becomes_a_row_with_its_transcript	4	25
tests/test_live.py	243	test_a_process_with_no_transcript_is_still_a_row	1	7
tests/test_live.py	254	test_a_quiet_session_is_idle_and_not_working	1	8
tests/test_live.py	263	test_a_codex_subagents_rollout_never_stands_in_for_the_session	1	12
tests/test_live.py	279	test_a_session_titled_by_its_own_preamble_is_titled_by_the_ask_instead	1	10
tests/test_live.py	290	test_nothing_running_is_empty_and_says_it_asked	1	5
tests/test_live.py	296	test_a_machine_that_could_not_be_asked_is_never_drawn_as_a_quiet_one	2	8
tests/test_live.py	306	test_the_join_is_cached_so_a_poll_is_not_three_subprocesses_a_session	5	8
tests/test_live.py	315	test_every_probe_is_capped	1	5
tests/test_live.py	322	test_the_whole_transcript_comes_back_a_page_at_a_time	2	16
tests/test_live.py	341	test_a_negative_offset_is_the_newest_page	2	9
tests/test_live.py	351	test_a_key_that_is_not_engine_and_pid_never_reaches_a_file	4	9
tests/test_live.py	361	test_a_key_for_a_process_that_is_not_running_is_not_found	1	5
tests/test_live.py	367	test_a_session_with_no_transcript_says_so_rather_than_showing_an_empty_one	1	5
tests/test_live.py	373	test_a_page_is_capped_however_large_the_ask	1	7
tests/test_live.py	383	test_this_module_has_no_way_to_change_anything	4	9
tests/test_mail.py	38	setUp	1	15
tests/test_mail.py	59	tearDown	2	4
tests/test_mail.py	66	intake	1	2
tests/test_mail.py	69	prints	1	2
tests/test_mail.py	72	snapshot	1	2
tests/test_mail.py	75	state	1	2
tests/test_mail.py	78	capture	6	15
tests/test_mail.py	101	granola	1	4
tests/test_mail.py	106	couriers	2	2
tests/test_mail.py	109	summary	1	12
tests/test_mail.py	125	test_a_stale_summary_says_so_and_carries_its_reason	1	6
tests/test_mail.py	132	test_a_current_summary_carries_no_stale_reason	1	5
tests/test_mail.py	138	test_stale_never_erases_the_counts_it_qualifies	1	5
tests/test_mail.py	148	test_a_timeout_is_its_own_state_and_never_an_empty_mailroom	2	11
tests/test_mail.py	161	test_an_unparseable_summary_is_unreadable_not_empty	1	5
tests/test_mail.py	167	test_a_crashing_intake_is_an_error_carrying_its_last_word	1	5
tests/test_mail.py	173	test_a_missing_intake_says_where_it_looked	1	4
tests/test_mail.py	178	test_an_unconfigured_root_says_so_rather_than_looking_clear	1	4
tests/test_mail.py	185	test_email_is_unknown_rather_than_zero	2	6
tests/test_mail.py	194	test_waiting_is_what_is_on_disk_minus_what_the_last_run_covered	2	7
tests/test_mail.py	202	test_a_fully_covered_feed_is_genuinely_clear	2	6
tests/test_mail.py	209	test_a_feed_left_out_of_the_last_run_says_that_and_not_zero	2	6
tests/test_mail.py	216	test_filed_is_counted_per_feed_from_the_real_ledger	2	10
tests/test_mail.py	229	test_declined_rate_limited_and_blocked_stay_apart	1	8
tests/test_mail.py	238	test_rate_limited_survives_a_summary_that_drops_it	1	4
tests/test_mail.py	246	test_a_missing_snapshot_costs_the_detail_not_the_section	1	6
tests/test_mail.py	253	test_a_torn_snapshot_does_not_take_the_mailroom_down	1	6
tests/test_mail.py	262	test_exclusions_arrive_as_names_not_as_a_number	1	11
tests/test_mail.py	276	test_no_exclusions_is_an_empty_list_not_a_missing_key	1	3
tests/test_mail.py	290	setUp	1	3
tests/test_mail.py	296	test_the_queue_and_the_run_total_are_two_different_numbers	1	7
tests/test_mail.py	304	test_the_icloud_marker_file_is_never_a_queued_capture	1	3
tests/test_mail.py	310	test_nothing_ever_processed_is_never_fired_and_not_idle	1	6
tests/test_mail.py	319	test_a_missing_drop_folder_says_where_it_looked	1	5
tests/test_mail.py	325	test_the_stamp_is_the_last_completed_run_not_the_last_line	1	7
tests/test_mail.py	333	test_a_missing_ingest_log_costs_the_stamp_and_not_the_courier	1	5
tests/test_mail.py	341	test_the_sync_reports_what_it_holds_and_when_it_last_ran	1	6
tests/test_mail.py	348	test_synced_as_a_map_is_counted_rather_than_carried	1	4
tests/test_mail.py	355	test_a_failing_sync_is_failing_even_with_a_healthy_note_count	1	7
tests/test_mail.py	364	test_a_sync_that_never_ran_is_not_a_sync_with_nothing_to_do	1	3
tests/test_mail.py	368	test_a_missing_sync_state_says_nothing_is_fetching_meetings	1	5
tests/test_mail.py	374	test_a_torn_sync_state_is_unreadable_rather_than_empty	1	3
tests/test_mail.py	378	test_the_live_mailbox_behind_the_sync_is_unknown_not_zero	1	3
tests/test_mail.py	386	test_a_raising_source_is_an_error_section_not_a_missing_one	1	6
tests/test_mail.py	397	card	1	2
tests/test_mail.py	400	test_the_card_counts_everything_waiting_across_the_pigeonholes	2	11
tests/test_mail.py	414	test_a_stale_summary_takes_the_headline_off_the_counts	1	7
tests/test_mail.py	422	test_an_empty_mailroom_says_so	1	7
tests/test_mail.py	430	test_a_stopped_courier_takes_the_headline_off_nothing_waiting	1	8
tests/test_mail.py	441	test_a_stopped_courier_is_a_row_a_person_can_act_on	2	9
tests/test_mail.py	451	test_staleness_still_outranks_a_stopped_courier	1	5
tests/test_mail.py	459	test_working_couriers_get_one_row_saying_the_post_is_still_coming	2	9
tests/test_mail.py	469	test_two_stopped_couriers_both_want_a_person	1	6
tests/test_mail.py	476	test_an_intake_that_would_not_run_says_that_and_wants_a_person	1	5
tests/test_merge.py	28	setUp	1	22
tests/test_merge.py	51	setUp.fake_sh	7	13
tests/test_merge.py	67	merge	1	2
tests/test_merge.py	70	merged	3	2
tests/test_merge.py	75	test_a_branch_that_is_not_the_pipelines_is_REFUSED	1	7
tests/test_merge.py	87	test_a_branch_merely_containing_the_prefix_is_refused	1	5
tests/test_merge.py	95	test_an_empty_configured_prefix_fails_closed	1	8
tests/test_merge.py	104	test_a_draft_is_never_merged	1	6
tests/test_merge.py	111	test_a_conflicting_pr_is_refused	1	6
tests/test_merge.py	118	test_an_already_closed_pr_is_refused	1	5
tests/test_merge.py	124	test_a_pr_that_cannot_be_read_is_refused_not_assumed	1	6
tests/test_merge.py	133	test_a_non_numeric_pr_never_shells_out	2	6
tests/test_merge.py	142	test_a_pipeline_pr_merges_squashed_and_deletes_its_branch	1	7
tests/test_merge.py	150	test_a_dry_run_says_what_it_would_do_and_does_nothing	1	5
tests/test_merge.py	156	test_github_refusing_the_merge_is_reported_verbatim	1	6
tests/test_merge.py	163	test_unknown_mergeability_still_tries_rather_than_guessing	1	4
tests/test_merge.py	182	test_a_successful_verify_check_is_allowed	1	4
tests/test_merge.py	187	test_a_failed_verify_check_is_refused	1	9
tests/test_merge.py	197	test_a_pending_verify_check_is_refused	1	8
tests/test_merge.py	206	test_an_absent_verify_check_is_refused	1	7
tests/test_merge.py	216	test_a_verify_check_among_other_unrelated_checks_is_still_found	1	9
tests/test_merge.py	226	test_unreadable_check_runs_api_response_is_refused_not_assumed	1	6
tests/test_merge.py	237	test_merge_is_a_github_kind_on_the_local_server	1	7
tests/test_merge.py	246	test_the_prefix_is_configurable_but_defaults_to_pipeline	1	3
tests/test_messaging.py	25	__init__	2	8
tests/test_messaging.py	34	send	1	3
tests/test_messaging.py	38	wait_receipt	2	3
tests/test_messaging.py	44	test_both_channels_deliver_with_redacted_evidence	8	13
tests/test_messaging.py	59	test_scheduler_can_bind_receipts_to_its_run_id	3	7
tests/test_messaging.py	67	test_terminal_failure_is_mapped_for_each_channel	3	11
tests/test_messaging.py	80	test_timeout_retains_identifiers_and_acceptance	5	11
tests/test_messaging.py	93	test_delivery_without_acceptance_fails	4	9
tests/test_messaging.py	104	test_short_destinations_are_fully_redacted	2	7
tests/test_messaging.py	112	test_invalid_timeout_and_missing_destination_send_nothing	1	7
tests/test_messaging.py	120	test_send_cap_and_sandbox_gate_apply_before_sending	1	12
tests/test_money_swarm.py	57	_iso	1	3
tests/test_money_swarm.py	62	_hash	1	3
tests/test_money_swarm.py	68	action	1	15
tests/test_money_swarm.py	99	__init__	2	4
tests/test_money_swarm.py	104	write	1	2
tests/test_money_swarm.py	107	jsonl	2	3
tests/test_money_swarm.py	111	healthy	1	2
tests/test_money_swarm.py	137	setUp	1	9
tests/test_money_swarm.py	147	read	1	2
tests/test_money_swarm.py	155	test_no_runtime_root_is_unconfigured_and_wants_nobody	1	8
tests/test_money_swarm.py	165	test_a_root_with_no_money_swarm_in_it_is_missing_not_empty	1	10
tests/test_money_swarm.py	177	test_a_queue_that_will_not_parse_at_all_is_unreadable_never_a_calm_zero	1	10
tests/test_money_swarm.py	190	test_a_queue_directory_that_will_not_open_is_unreadable	1	8
tests/test_money_swarm.py	199	test_a_run_older_than_its_max_age_is_stale_and_says_how_old	1	11
tests/test_money_swarm.py	212	test_a_red_health_file_is_stale_even_when_the_run_is_fresh	1	11
tests/test_money_swarm.py	227	test_a_validate_older_than_its_max_age_is_stale	1	5
tests/test_money_swarm.py	233	test_a_fresh_tree_that_validated_is_ok	1	7
tests/test_money_swarm.py	246	test_the_flagged_row_is_the_one_digest_counts	1	15
tests/test_money_swarm.py	264	test_approval_required_raises_the_hand_on_its_own	1	5
tests/test_money_swarm.py	273	test_a_ring1_kind_escalates_with_no_envelope_whatever_its_flags_say	1	7
tests/test_money_swarm.py	284	test_a_live_signed_envelope_stops_a_ring1_row_escalating_on_that_ground	1	7
tests/test_money_swarm.py	292	test_an_expired_or_unsigned_envelope_is_not_an_envelope	2	9
tests/test_money_swarm.py	302	test_a_completed_or_superseded_action_stops_waiting	2	15
tests/test_money_swarm.py	319	test_a_live_exact_draft_approval_means_decided	1	7
tests/test_money_swarm.py	327	test_an_approval_bound_to_a_different_draft_does_not_decide_anything	1	9
tests/test_money_swarm.py	340	test_a_consumed_or_expired_approval_is_not_a_live_one	2	11
tests/test_money_swarm.py	352	test_the_exact_draft_travels_and_is_trimmed	1	6
tests/test_money_swarm.py	359	test_a_row_with_no_draft_says_so_by_being_empty_not_by_inventing_one	1	3
tests/test_money_swarm.py	368	test_a_torn_line_beside_good_ones_is_counted_and_the_rest_still_read	1	10
tests/test_money_swarm.py	379	test_torn_lines_are_counted_across_every_ledger_not_just_the_queue	1	6
tests/test_money_swarm.py	391	test_the_waiting_count_leads_the_headline	1	9
tests/test_money_swarm.py	401	test_one_decision_reads_like_one_thing	1	3
tests/test_money_swarm.py	405	test_nothing_waiting_says_so_and_then_says_how_fresh_it_is	1	8
tests/test_money_swarm.py	414	test_a_red_validate_with_nothing_waiting_still_wants_a_person	1	4
tests/test_money_swarm.py	419	test_as_of_is_the_last_run_and_is_a_stamp_a_renderer_can_read	1	6
tests/test_money_swarm.py	426	test_the_top_lane_is_the_highest_scored_and_its_value_is_labelled_estimated	1	14
tests/test_money_swarm.py	448	test_confidence_is_passed_through_and_never_turned_into_a_percentage	1	3
tests/test_money_swarm.py	452	test_executed_actions_and_promotions_are_counts_of_things_that_happened	1	15
tests/test_money_swarm.py	473	_read_all	2	8
tests/test_money_swarm.py	482	test_the_section_is_the_read_plus_a_card_and_nothing_else	2	9
tests/test_money_swarm.py	492	test_every_state_produces_a_card_that_holds_the_shape	2	18
tests/test_money_swarm.py	513	test_every_field_the_card_reads_is_present_in_every_state	1	9
tests/test_money_swarm.py	524	_fact	4	5
tests/test_money_swarm.py	531	_restore	2	5
tests/test_phone.py	40	setUpClass	1	11
tests/test_phone.py	56	tearDownClass	1	5
tests/test_phone.py	62	fetch	2	10
tests/test_phone.py	73	as_tailnet	1	5
tests/test_phone.py	80	_restore	1	2
tests/test_phone.py	84	test_the_office_is_at_the_root	1	6
tests/test_phone.py	91	test_the_page_carries_the_policy_that_makes_three_files_worth_it	2	12
tests/test_phone.py	106	test_the_two_files_the_page_asks_for_arrive_as_themselves	2	11
tests/test_phone.py	118	test_lesson_hub_files_arrive_through_the_same_door	2	9
tests/test_phone.py	128	test_lesson_hub_api_is_generated_from_receipts	1	7
tests/test_phone.py	136	test_anything_else_is_still_nothing	2	7
tests/test_phone.py	147	test_the_favicon_chrome_asks_for_is_an_empty_yes_not_a_console_error	1	4
tests/test_phone.py	153	test_the_page_obeys_the_same_door_as_every_api_call	1	4
tests/test_phone.py	160	test_a_tailnet_request_without_a_login_never_sees_the_page	1	6
tests/test_phone.py	167	test_a_tailnet_request_with_the_right_login_gets_the_page	1	7
tests/test_phone.py	175	test_a_forged_login_on_loopback_is_ignored	1	4
tests/test_phone.py	192	test_the_html_has_no_code_in_it	2	4
tests/test_phone.py	197	test_the_html_has_no_inline_style	1	5
tests/test_phone.py	203	test_nothing_is_loaded_from_anywhere_but_this_door	3	9
tests/test_phone.py	213	test_fresh_is_a_button_and_never_a_timer	3	13
tests/test_phone.py	236	test_the_page_reads_every_raised_hand_and_not_only_the_oldest	1	3
tests/test_phone.py	243	test_a_bot_thread_shows_its_cadence	1	3
tests/test_phone.py	247	test_the_gate_answer_carries_the_id_the_card_drew	1	12
tests/test_phone.py	283	js	1	2
tests/test_phone.py	286	test_a_photo_rides_the_message_as_attachments	1	8
tests/test_phone.py	298	test_the_picker_takes_a_picture_from_the_library_or_the_camera	1	6
tests/test_phone.py	307	test_the_picture_is_shrunk_before_it_is_sent	1	8
tests/test_phone.py	319	test_a_format_the_page_cannot_read_is_said_out_loud	1	6
tests/test_phone.py	329	test_the_page_still_never_writes_markup	2	10
tests/test_phone.py	342	test_a_turn_that_carried_a_photo_is_marked_in_the_thread	1	6
tests/test_phone.py	363	js	1	2
tests/test_phone.py	366	test_the_automation_band_exists_and_sessions_live_inside_their_desk	1	7
tests/test_phone.py	374	test_the_automation_band_derives_no_state_of_its_own	1	5
tests/test_phone.py	385	test_a_deep_link_is_only_offered_when_the_office_knows_the_comment	1	5
tests/test_phone.py	394	test_the_activity_list_never_hides_what_it_dropped	1	4
tests/test_phone.py	399	test_the_reason_nothing_arrives_is_shown_and_not_only_the_silence	1	3
tests/test_phone.py	405	test_a_reply_is_a_message_and_this_page_never_types_at_a_terminal	2	5
tests/test_phone.py	411	test_there_is_no_send_button_over_a_session_that_would_not_read_it	1	7
tests/test_phone.py	419	test_a_refused_reply_puts_the_words_back_in_the_box	1	5
tests/test_phone.py	427	test_a_desk_can_start_either_agent_through_the_office	1	10
tests/test_phone.py	439	test_not_being_able_to_see_never_draws_as_nothing_running	1	6
tests/test_phone.py	448	test_the_session_poll_is_on_its_own_clock_and_spends_no_github_budget	1	6
tests/test_phone.py	457	test_the_moods_stay_inside_the_page_s_own_three_words	2	7
tests/test_phone.py	469	test_a_swapped_question_disarms_the_buttons_for_a_beat	1	5
tests/test_phone.py	477	test_a_door_that_answers_500_is_said_out_loud	1	3
tests/test_phone.py	483	js	1	2
tests/test_phone.py	486	test_a_desk_row_opens_a_real_desk_panel	1	9
tests/test_phone.py	496	test_work_contains_the_desk_s_issues_prs_sessions_and_launchers	2	6
tests/test_phone.py	503	test_context_lists_and_opens_markdown_through_the_existing_door	1	7
tests/test_phone.py	511	test_context_can_refresh_and_document_reads_keep_the_existing_index	1	5
tests/test_pipeline.py	36	_iso	1	2
tests/test_pipeline.py	41	setUp	1	13
tests/test_pipeline.py	55	tearDown	5	16
tests/test_pipeline.py	77	reload	1	3
tests/test_pipeline.py	84	pid_path	1	2
tests/test_pipeline.py	88	log_path	1	2
tests/test_pipeline.py	91	registry	2	7
tests/test_pipeline.py	99	heartbeat	1	2
tests/test_pipeline.py	104	log	1	2
tests/test_pipeline.py	107	receipts	2	7
tests/test_pipeline.py	117	dead_pid	1	4
tests/test_pipeline.py	123	live_dispatch	1	8
tests/test_pipeline.py	138	test_a_stale_pid_file_never_reports_a_run	1	10
tests/test_pipeline.py	152	test_a_recycled_pid_is_stale_even_though_the_process_exists	1	6
tests/test_pipeline.py	161	test_a_pid_file_that_is_not_a_pid_is_stale_not_a_crash	1	5
tests/test_pipeline.py	169	test_a_live_dispatch_reports_running_with_what_it_is_doing	1	17
tests/test_pipeline.py	188	test_an_untimestamped_last_line_still_reads_as_what_it_is_doing	1	10
tests/test_pipeline.py	202	test_the_kill_switch_is_its_own_state_not_an_idle_room	1	8
tests/test_pipeline.py	211	test_a_run_in_flight_outranks_a_switch_flipped_underneath_it	1	8
tests/test_pipeline.py	221	test_a_job_disabled_in_the_registry_is_off_not_idle	1	5
tests/test_pipeline.py	227	test_a_job_missing_from_the_registry_is_off_because_nothing_fires_it	1	6
tests/test_pipeline.py	236	test_an_idle_pipeline_says_when_it_next_looks	1	9
tests/test_pipeline.py	246	test_a_schedule_that_has_already_slipped_says_so_instead_of_zero	1	6
tests/test_pipeline.py	253	test_no_receipt_at_all_leaves_the_next_look_unknown_rather_than_invented	1	5
tests/test_pipeline.py	261	test_an_unreadable_log_is_not_a_quiet_pipeline	2	8
tests/test_pipeline.py	270	test_a_missing_log_is_its_own_state	1	3
tests/test_pipeline.py	274	test_a_missing_runtime_dir_is_not_a_run	1	6
tests/test_pipeline.py	281	test_a_root_with_no_pipeline_in_it_says_missing	1	6
tests/test_pipeline.py	288	test_a_root_that_is_not_there_says_so	1	5
tests/test_pipeline.py	294	test_an_unconfigured_office_never_looks_idle	1	6
tests/test_pipeline.py	305	test_every_field_the_panel_reads_is_always_present	3	10
tests/test_pipeline.py	325	test_the_last_finished_sweep_is_reported_not_just_the_next_one	1	5
tests/test_pipeline.py	333	test_a_pipeline_that_never_finished_a_sweep_says_so_rather_than_zero	1	4
tests/test_pipeline.py	338	test_coverage_counts_repos_and_decisions_inside_the_window	1	6
tests/test_pipeline.py	345	test_receipts_older_than_the_window_are_not_this_run	1	5
tests/test_pipeline.py	353	test_a_torn_receipt_line_is_counted_and_never_skipped_in_silence	1	5
tests/test_pipeline.py	359	test_no_receipts_file_is_missing_rather_than_zero_repos	1	4
tests/test_pipeline.py	364	test_a_sweep_that_reached_nothing_is_visible_on_the_card	2	8
tests/test_pipeline.py	374	test_a_healthy_sweep_says_when_and_how_wide	2	7
tests/test_pipeline.py	382	test_receipts_nobody_can_read_is_a_hole_that_wants_a_person	2	12
tests/test_pipeline.py	400	test_the_card_carries_the_sentence_the_source_already_wrote	2	12
tests/test_pipeline.py	414	test_a_pid_file_that_is_lying_is_a_thing_that_needs_a_person	2	8
tests/test_pipeline.py	426	test_a_log_nobody_can_read_needs_a_person_even_when_all_is_calm	2	9
tests/test_pipeline.py	437	test_a_pipeline_switched_off_on_purpose_wants_nobody	2	9
tests/test_pipeline.py	448	test_an_unconfigured_office_still_produces_a_card	1	5
tests/test_pipeline.py	460	test_a_pipeline_switched_off_with_no_log_is_not_an_alarm	1	5
tests/test_pipeline.py	478	lane	4	28
tests/test_pipeline.py	507	test_lanes_are_running_even_when_no_sweep_holds_the_pid	1	6
tests/test_pipeline.py	516	test_a_lane_whose_process_is_gone_is_not_work_in_progress	1	5
tests/test_pipeline.py	522	test_a_lane_that_is_merely_quiet_is_still_working	3	8
tests/test_pipeline.py	533	test_the_headline_says_what_is_being_worked_not_which_pid	1	5
tests/test_pipeline.py	539	test_a_lane_shows_its_issue_backed_commission	3	8
tests/test_pipeline.py	548	test_a_live_lane_without_a_commission_is_visible_but_needs_attention	3	7
tests/test_pipeline.py	556	test_a_malformed_commission_does_not_hide_the_live_lane	3	8
tests/test_pipeline.py	565	test_the_queue_is_the_last_sweep_only	2	11
tests/test_pipeline.py	579	test_a_queue_with_no_lanes_still_says_so_on_the_card	2	8
tests/test_pipeline.py	588	test_no_lanes_directory_is_an_idle_pipeline_not_a_broken_one	1	7
tests/test_podcasts.py	18	setUp	1	8
tests/test_podcasts.py	27	tearDown	1	2
tests/test_podcasts.py	30	write	1	4
tests/test_podcasts.py	35	episode	1	5
tests/test_podcasts.py	41	test_missing_manifest_is_not_an_empty_library	1	6
tests/test_podcasts.py	48	test_malformed_json_and_schema_are_distinct_from_empty	1	7
tests/test_podcasts.py	56	test_valid_empty_manifest_is_a_calm_empty_state	1	8
tests/test_podcasts.py	65	test_existing_mp3_beneath_root_gets_a_file_uri	1	13
tests/test_podcasts.py	80	test_missing_outside_relative_and_non_mp3_audio_never_get_links	4	13
tests/test_podcasts.py	95	test_symlink_escape_is_rejected	1	7
tests/test_podcasts.py	103	test_manifest_order_is_preserved_newest_first	4	7
tests/test_private_state.py	18	_mode	1	2
tests/test_private_state.py	23	test_board_migrates_existing_tree_and_secures_compose_reply_replaces	2	34
tests/test_private_state.py	61	test_webhook_migrates_and_secures_atomic_append_and_trim_paths	5	27
tests/test_private_state.py	92	test_board_migration_refuses_a_symlinked_meta_ancestor	1	21
tests/test_private_state.py	116	test_webhook_refuses_a_symlinked_state_root	1	11
tests/test_probes.py	18	test_every_core_check_has_one_declared_repair_repository	1	14
tests/test_probes.py	33	test_duplicate_check_id_is_rejected_before_dict_conversion	1	4
tests/test_probes.py	38	test_missing_check_id_or_owner_is_rejected	2	8
tests/test_probes.py	47	test_owner_must_be_one_github_repository	2	5
tests/test_probes.py	53	test_registry_is_immutable	1	3
tests/test_probes.py	59	test_wording_and_evidence_do_not_change_check_identity_or_owner	1	16
tests/test_probes.py	77	test_missing_unknown_and_duplicate_result_ids_are_rejected	2	11
tests/test_probes.py	89	test_registry_output_feeds_repair_reconciliation	1	12
tests/test_probes.py	97	test_registry_output_feeds_repair_reconciliation.request	2	5
tests/test_prs.py	25	setUp	1	8
tests/test_prs.py	34	tearDown	1	3
tests/test_prs.py	38	beat	1	4
tests/test_prs.py	43	plan	1	3
tests/test_prs.py	49	test_unconfigured	1	5
tests/test_prs.py	55	test_never_swept_needs_a_person	1	7
tests/test_prs.py	63	test_swept_with_no_prs_is_a_calm_zero	1	6
tests/test_prs.py	70	test_merge_now_counts_and_rolling_asks	2	11
tests/test_prs.py	82	test_a_torn_plan_is_a_need_not_a_zero	2	7
tests/test_prs.py	90	test_a_day_old_plan_is_stale	1	7
tests/test_repairs.py	19	proof	1	5
tests/test_repairs.py	27	__init__	1	3
tests/test_repairs.py	31	__call__	2	3
tests/test_repairs.py	37	test_pass_closes_issue_and_removes_repair_labels	1	9
tests/test_repairs.py	48	test_fail_reopens_issue_and_restores_repair_labels	1	6
tests/test_repairs.py	56	test_identical_proof_is_idempotent	2	12
tests/test_repairs.py	69	test_whole_input_is_validated_before_first_request	1	10
tests/test_repairs.py	81	test_check_owner_is_bound_to_canonical_registry	1	7
tests/test_repairs.py	89	test_mismatched_issue_response_stops_without_patch	1	5
tests/test_repairs.py	95	test_pass_preserves_unrelated_labels	1	8
tests/test_repairs.py	104	test_github_failure_is_reported_without_live_request	1	5
tests/test_repairs.py	110	test_empty_label_array_uses_gh_typed_field_without_live_request	1	10
tests/test_runtime.py	27	setUp	1	8
tests/test_runtime.py	38	tearDown	1	3
tests/test_runtime.py	43	path	1	2
tests/test_runtime.py	46	gate_file	2	3
tests/test_runtime.py	52	ask	1	6
tests/test_runtime.py	61	test_no_file_is_clear_not_an_error	1	2
tests/test_runtime.py	64	test_a_pending_question_carries_its_target_verbatim	1	7
tests/test_runtime.py	72	test_an_answered_question_is_clear	1	6
tests/test_runtime.py	79	test_a_torn_read_is_not_reported_as_clear	1	3
tests/test_runtime.py	86	test_an_unconfigured_runtime_says_so_rather_than_looking_clear	1	5
tests/test_runtime.py	94	test_answering_the_right_question_works	1	7
tests/test_runtime.py	102	test_allow_always_is_recorded_as_always	1	5
tests/test_runtime.py	108	test_answering_a_DIFFERENT_question_is_refused	1	6
tests/test_runtime.py	118	test_answering_a_question_that_is_gone_is_refused	1	4
tests/test_runtime.py	123	test_double_answering_is_refused	1	6
tests/test_runtime.py	130	test_a_deny_is_written_as_a_deny	1	5
tests/test_runtime.py	136	test_answering_preserves_a_private_gate_mode_under_umask_022	2	12
tests/test_runtime.py	149	test_a_gate_replaced_before_the_commit_point_is_refused	1	12
tests/test_runtime.py	164	test_answering_refuses_a_symlinked_meta_ancestor	1	16
tests/test_runtime.py	183	test_answering_refuses_a_symlinked_gate_file	1	14
tests/test_runtime.py	211	test_a_named_bots_gate_is_not_hidden_by_the_unnamed_file_being_absent	1	6
tests/test_runtime.py	218	test_the_single_gate_is_the_oldest_hand_on_the_floor	1	5
tests/test_runtime.py	224	test_an_answered_hand_is_skipped_for_the_one_still_up	1	7
tests/test_runtime.py	234	test_an_empty_floor_is_an_empty_list_and_says_it_read_cleanly	1	2
tests/test_runtime.py	237	test_one_gate_is_a_list_of_one	2	6
tests/test_runtime.py	244	test_every_raised_hand_is_listed_oldest_first	3	7
tests/test_runtime.py	252	test_a_listed_gate_is_the_same_object_as_the_single_one	5	7
tests/test_runtime.py	262	test_an_answered_gate_is_not_a_raised_hand	1	5
tests/test_runtime.py	268	test_a_torn_file_never_hides_the_hand_next_to_it	2	6
tests/test_runtime.py	277	test_an_unconfigured_runtime_lists_nothing_and_says_why	1	5
tests/test_runtime.py	283	test_a_root_that_is_not_there_is_not_an_empty_floor	1	6
tests/test_runtime.py	292	test_answering_one_bots_gate_leaves_the_other_hand_up	2	11
tests/test_runtime.py	308	test_an_id_nobody_on_the_floor_carries_writes_to_nobody	3	8
tests/test_runtime.py	317	test_a_gate_that_is_only_torn_is_not_reported_as_gone	1	5
tests/test_runtime.py	328	test_an_unreachable_dashboard_is_down_not_empty	2	10
tests/test_runtime_identity.py	16	_run	1	2
tests/test_runtime_identity.py	20	_make_repo	2	22
tests/test_runtime_identity.py	44	_make_app	1	8
tests/test_runtime_identity.py	55	test_relevant_tracked_and_untracked_client_changes_are_reported	1	10
tests/test_runtime_identity.py	69	test_clean_source_app_and_door_must_share_the_exact_revision	1	16
tests/test_runtime_identity.py	89	test_unknown_or_mismatched_artifact_identity_fails_closed	1	17
tests/test_sandbox_probes.py	34	module_imports	8	9
tests/test_sandbox_probes.py	47	create_checkout	1	3
tests/test_sandbox_probes.py	51	expire_checkout	1	2
tests/test_sandbox_probes.py	55	clients	1	3
tests/test_sandbox_probes.py	61	test_cadence_is_hourly_or_slower	1	5
tests/test_sandbox_probes.py	67	test_timeout_is_bounded_and_ends_before_the_next_run	2	5
tests/test_sandbox_probes.py	73	test_install_adds_the_plan_disabled	1	10
tests/test_sandbox_probes.py	84	test_configured_timeout_reaches_the_flight_command	1	2
tests/test_sandbox_probes.py	87	test_cli_installs_the_disabled_plan_with_exact_bounds	1	14
tests/test_sandbox_probes.py	104	test_core_imports_no_transactional_probe	2	3
tests/test_sandbox_probes.py	108	test_only_sandbox_variables_reach_the_client_factory	1	6
tests/test_sandbox_probes.py	115	test_main_hides_live_environment_and_redacts_sandbox_secrets	3	20
tests/test_sandbox_probes.py	120	test_main_hides_live_environment_and_redacts_sandbox_secrets.isolated_clients	1	4
tests/test_sandbox_probes.py	141	test_all_transactional_clients_are_required	1	4
tests/test_sandbox_probes.py	146	test_scheduler_runs_messaging_with_the_shared_run_id	3	15
tests/test_sandbox_probes.py	148	test_scheduler_runs_messaging_with_the_shared_run_id.__init__	1	2
tests/test_sandbox_probes.py	151	test_scheduler_runs_messaging_with_the_shared_run_id.send	1	6
tests/test_sandbox_probes.py	158	test_scheduler_runs_messaging_with_the_shared_run_id.wait_receipt	1	2
tests/test_sandbox_probes.py	172	test_run_refuses_without_a_client_factory	2	4
tests/test_search.py	38	setUp	1	11
tests/test_search.py	53	desk	2	6
tests/test_search.py	60	write	1	6
tests/test_search.py	67	run_	1	2
tests/test_search.py	70	paths	2	2
tests/test_search.py	75	test_a_short_query_searches_nothing	1	5
tests/test_search.py	82	test_a_door_with_no_vault_says_so_rather_than_answering_empty	1	5
tests/test_search.py	88	test_only_markdown_the_context_reader_lists_is_searchable	1	6
tests/test_search.py	100	test_a_traversing_path_finds_nothing_rather_than_leaving_the_vault	2	7
tests/test_search.py	108	test_vendored_documentation_is_not_this_desks_documentation	1	5
tests/test_search.py	117	test_a_filename_beats_a_mention_of_the_same_word	2	7
tests/test_search.py	125	test_a_folder_name_is_a_match	1	5
tests/test_search.py	131	test_a_word_that_starts_a_word_beats_one_buried_in_another	2	7
tests/test_search.py	148	test_search_crosses_every_desk_at_once	2	7
tests/test_search.py	158	test_a_vault_relative_path_goes_straight_there	1	7
tests/test_search.py	166	test_an_absolute_path_goes_straight_there	1	6
tests/test_search.py	173	test_a_home_relative_path_goes_straight_there	1	12
tests/test_search.py	192	test_a_desk_relative_path_goes_straight_there	1	5
tests/test_search.py	198	test_owner_repo_colon_path_goes_straight_there	1	7
tests/test_search.py	206	test_a_path_that_is_not_there_is_not_an_error	1	5
tests/test_search.py	214	test_the_matched_line_comes_back_with_its_number	1	7
tests/test_search.py	222	test_matching_ignores_case	1	4
tests/test_search.py	227	test_a_long_line_is_quoted_around_the_match_not_from_the_start	1	6
tests/test_search.py	234	test_a_file_that_is_a_name_hit_is_not_repeated_as_a_text_hit	1	5
tests/test_search.py	240	test_a_byte_that_is_not_utf8_does_not_lose_the_file	1	5
tests/test_search.py	246	test_an_unreadable_desk_costs_one_desk_not_the_search	1	6
tests/test_sections.py	46	assert_card	3	23
tests/test_sections.py	83	assert_rows	5	17
tests/test_sections.py	117	setUp	2	8
tests/test_sections.py	129	by_key	2	2
tests/test_sections.py	132	patch	1	6
tests/test_sections.py	143	test_every_source_carries_a_card	3	5
tests/test_sections.py	149	test_retired_dispatcher_is_not_published_as_current_pipeline_truth	1	2
tests/test_sections.py	152	test_every_card_holds_the_shape_both_renderers_code_against	2	3
tests/test_sections.py	156	test_a_card_never_replaces_the_data_it_summarises	3	8
tests/test_sections.py	167	test_a_card_that_raises_costs_the_card_and_nothing_else	3	13
tests/test_sections.py	184	test_a_source_that_raises_is_an_error_section_that_still_has_a_card	1	10
tests/test_sections.py	185	test_a_source_that_raises_is_an_error_section_that_still_has_a_card.boom	1	2
tests/test_sections.py	198	test_a_source_that_raises_something_enormous_still_fits_a_headline	1	6
tests/test_sections.py	199	test_a_source_that_raises_something_enormous_still_fits_a_headline.boom	1	2
tests/test_sections.py	208	_restore	2	5
tests/test_sections.py	220	test_an_unknown_tone_becomes_plain	1	4
tests/test_sections.py	233	setUp	1	2
tests/test_sections.py	236	test_a_row_carries_the_eight_keys_and_nothing_else	1	8
tests/test_sections.py	245	test_an_unknown_tone_on_a_row_becomes_plain	1	3
tests/test_sections.py	249	test_a_row_never_shows_a_link_it_cannot_stand_behind	2	9
tests/test_sections.py	261	test_a_row_is_clipped_so_one_long_field_cannot_bloat_a_snapshot	2	5
tests/test_sections.py	267	test_a_card_with_no_rows_does_not_grow_a_rows_key	1	3
tests/test_sections.py	273	test_rows_survive_the_build_in_the_order_the_source_gave_them	2	6
tests/test_sections.py	280	test_a_row_that_is_not_a_row_is_dropped_rather_than_fatal	2	4
tests/test_sections.py	285	test_the_row_list_is_capped_so_one_source_cannot_own_the_snapshot	2	4
tests/test_sections.py	292	_run	2	8
tests/test_sections.py	301	test_a_source_that_returns_nothing_is_an_error_section_with_a_card	1	12
tests/test_sections.py	307	test_a_source_that_returns_nothing_is_an_error_section_with_a_card.read	1	2
tests/test_sections.py	311	test_a_source_that_returns_nothing_is_an_error_section_with_a_card.card	1	2
tests/test_sections.py	318	test_a_card_that_is_not_a_dict_falls_back	1	12
tests/test_sections.py	324	test_a_card_that_is_not_a_dict_falls_back.read	1	2
tests/test_sections.py	328	test_a_card_that_is_not_a_dict_falls_back.card	1	2
tests/test_serve.py	44	setUpClass	1	22
tests/test_serve.py	80	tearDownClass	1	7
tests/test_serve.py	89	get	4	9
tests/test_serve.py	99	post	4	12
tests/test_serve.py	113	test_the_socket_is_loopback_only	1	2
tests/test_serve.py	118	test_world_is_the_snapshot_that_was_built	1	7
tests/test_serve.py	126	test_health_says_when_the_picture_was_taken	1	6
tests/test_serve.py	133	test_gate_reports_its_own_state_rather_than_nothing	1	4
tests/test_serve.py	144	test_the_room_rebuilds_on_a_budget_not_every_minute	1	3
tests/test_serve.py	148	test_fresh_forces_one_build_a_minute_and_says_which_you_got	1	11
tests/test_serve.py	163	test_desks_lists_what_is_put_away	1	4
tests/test_serve.py	168	test_putting_a_desk_away_lands_on_the_snapshot_at_once	2	16
tests/test_serve.py	188	test_bringing_back_a_desk_that_was_never_away_is_a_no_op	1	4
tests/test_serve.py	193	test_a_malformed_desk_is_refused	2	6
tests/test_serve.py	200	test_hidden_must_be_a_boolean_and_nothing_else	2	6
tests/test_serve.py	208	test_pins_start_empty_and_ride_in_the_world	1	7
tests/test_serve.py	216	test_posting_pins_replaces_the_whole_order_and_lands_at_once	2	17
tests/test_serve.py	235	test_pins_must_be_a_list_of_well_formed_repos	3	10
tests/test_serve.py	247	test_an_unknown_kind_is_refused_before_anything_runs	1	4
tests/test_serve.py	253	test_a_choice_becomes_the_numbered_line_the_runner_reads	1	6
tests/test_serve.py	262	test_a_choice_carrying_its_own_body_never_gets_to_use_it	1	4
tests/test_serve.py	267	test_an_option_outside_one_to_four_or_with_no_label_is_refused	2	11
tests/test_serve.py	279	test_a_choice_is_posted_down_the_same_path_as_a_comment	1	8
tests/test_serve.py	292	test_a_permit_without_a_well_formed_id_is_refused	1	5
tests/test_serve.py	298	test_a_permit_for_a_question_that_moved_on_is_409_and_writes_nothing	3	25
tests/test_serve.py	330	decide_with_a_fake_github	2	12
tests/test_serve.py	335	decide_with_a_fake_github.refresh	2	5
tests/test_serve.py	351	test_a_decision_that_landed_refetches_that_one_desk_before_answering	1	6
tests/test_serve.py	365	test_a_decision_that_failed_never_spends_a_desk_refresh	1	7
tests/test_serve.py	374	test_a_desk_refresh_that_blew_up_never_unsays_a_decision_that_landed	1	8
tests/test_serve.py	392	test_a_runtime_decision_never_spends_a_desk_refresh	1	6
tests/test_serve.py	415	stub	2	9
tests/test_serve.py	423	stub.fake	2	3
tests/test_serve.py	430	test_the_roster_of_sessions_comes_through_the_door	1	6
tests/test_serve.py	437	test_a_desk_filter_reaches_the_module	1	4
tests/test_serve.py	442	test_a_desks_readme_comes_through_the_door_by_repo	1	7
tests/test_serve.py	450	test_a_refused_readme_keeps_the_modules_status_code	1	3
tests/test_serve.py	454	test_the_readme_route_is_a_read_and_there_is_no_write_at_it	1	3
tests/test_serve.py	458	test_a_transcript_carries_its_own_status_code	1	5
tests/test_serve.py	464	test_the_screen_is_readable_and_there_is_no_route_that_types	2	7
tests/test_serve.py	472	test_answering_a_session_posts_the_body_straight_through	1	6
tests/test_serve.py	479	test_a_message_the_module_refuses_is_refused_at_the_door_too	1	3
tests/test_serve.py	483	test_starting_a_session_is_a_post_and_never_a_get	1	4
tests/test_serve.py	492	live_stub	2	9
tests/test_serve.py	500	live_stub.fake	2	3
tests/test_serve.py	507	test_every_running_agent_comes_through_the_door	1	6
tests/test_serve.py	514	test_a_transcript_is_asked_for_by_key_with_its_paging	1	5
tests/test_serve.py	520	test_a_key_that_is_a_path_is_refused_by_the_module_and_not_repaired	1	4
tests/test_serve.py	528	test_this_window_is_read_only_and_has_no_post_beside_it	2	3
tests/test_serve.py	538	snapshot_key	3	8
tests/test_serve.py	550	test_the_automation_page_is_served_from_the_snapshot_already_built	1	8
tests/test_serve.py	559	test_a_snapshot_with_no_automation_block_is_an_empty_page_not_a_500	1	4
tests/test_serve.py	569	context_stub	1	8
tests/test_serve.py	576	context_stub.fake	1	3
tests/test_serve.py	583	test_a_desks_context_comes_through_the_door	1	10
tests/test_serve.py	594	test_the_requested_path_reaches_the_reader_verbatim	1	4
tests/test_serve.py	599	test_a_refusal_keeps_its_own_status_code_at_the_door	2	4
tests/test_serve.py	606	test_the_door_asks_the_reader_even_when_nothing_was_named	1	4
tests/test_serve.py	613	test_a_context_write_reaches_the_same_bounded_module	3	11
tests/test_serve.py	629	raw	4	10
tests/test_serve.py	640	test_a_request_for_another_host_is_refused	1	4
tests/test_serve.py	646	test_a_cross_site_write_is_refused	1	4
tests/test_serve.py	651	test_a_write_from_another_origin_is_refused	1	4
tests/test_serve.py	656	test_a_form_post_is_refused	1	4
tests/test_serve.py	662	test_a_same_origin_write_still_works	1	6
tests/test_serve.py	669	test_putting_a_desk_away_obeys_the_same_door_as_every_other_write	2	16
tests/test_serve.py	689	test_pinning_obeys_the_same_door_as_putting_away	2	19
tests/test_serve.py	710	test_reading_the_desk_list_from_another_host_is_refused	1	4
tests/test_serve.py	722	_as_tailnet	1	5
tests/test_serve.py	728	test_a_tailnet_request_with_the_right_login_is_let_through	2	9
tests/test_serve.py	738	test_a_tailnet_request_with_the_wrong_login_is_refused	2	9
tests/test_serve.py	748	test_a_tailnet_request_without_a_login_is_refused	2	8
tests/test_serve.py	757	test_a_forged_login_header_on_loopback_is_ignored	1	5
tests/test_serve.py	763	test_a_tailnet_write_without_a_login_is_refused	2	9
tests/test_serve.py	773	test_validation_matches_the_worker_not_python	1	6
tests/test_serve.py	790	free_port	1	7
tests/test_serve.py	799	api_get	4	8
tests/test_serve.py	809	api_post	4	11
tests/test_serve.py	832	__init__	2	19
tests/test_serve.py	849	__init__.log_message	1	2
tests/test_serve.py	852	__init__.reply	1	7
tests/test_serve.py	860	__init__.do_GET	6	11
tests/test_serve.py	872	__init__.do_POST	6	16
tests/test_serve.py	893	row	2	5
tests/test_serve.py	899	url	1	2
tests/test_serve.py	902	close	1	3
tests/test_serve.py	909	setUpClass	2	26
tests/test_serve.py	942	tearDownClass	3	10
tests/test_serve.py	953	setUp	2	6
tests/test_serve.py	962	tearDown	2	5
tests/test_serve.py	969	until	3	7
tests/test_serve.py	977	bot	3	4
tests/test_serve.py	983	test_the_roster_survives_the_harness_being_closed	4	12
tests/test_serve.py	998	test_the_roster_carries_the_last_word_when_the_harness_is_up	1	8
tests/test_serve.py	1008	test_a_persona_never_leaves_the_machine	2	7
tests/test_serve.py	1019	test_history_is_proxied_from_the_harness	1	7
tests/test_serve.py	1027	test_history_says_the_harness_is_down_rather_than_showing_silence	1	5
tests/test_serve.py	1033	test_a_bad_bot_id_is_refused_before_the_harness_is_touched	2	5
tests/test_serve.py	1039	test_a_message_reaches_the_bot_and_becomes_its_last_word	1	7
tests/test_serve.py	1047	test_a_bot_turn_carries_bounded_live_office_evidence	3	33
tests/test_serve.py	1081	test_a_second_message_while_the_bot_is_busy_is_refused	1	13
tests/test_serve.py	1100	test_an_empty_or_oversized_message_is_refused	2	8
tests/test_serve.py	1109	test_a_message_to_a_bot_nobody_has_is_refused_at_once	1	6
tests/test_serve.py	1116	test_a_turn_that_failed_is_still_on_the_desk_afterwards	1	10
tests/test_serve.py	1137	shot	1	5
tests/test_serve.py	1143	last_body	4	5
tests/test_serve.py	1149	test_a_turn_without_a_picture_is_the_same_turn_it_always_was	1	7
tests/test_serve.py	1159	test_an_attachment_reaches_the_harness_exactly_as_it_was_sent	1	8
tests/test_serve.py	1168	test_a_jpeg_is_a_picture_too	1	6
tests/test_serve.py	1175	test_a_picture_with_no_words_is_a_message	1	9
tests/test_serve.py	1185	test_an_empty_attachment_list_is_a_turn_with_no_picture	1	5
tests/test_serve.py	1191	test_a_second_attachment_is_refused_rather_than_quietly_dropped	1	6
tests/test_serve.py	1199	test_an_attachment_that_is_not_a_png_or_a_jpeg_is_refused	2	7
tests/test_serve.py	1207	test_an_attachment_missing_a_field_is_refused	2	12
tests/test_serve.py	1220	test_attachments_that_are_not_a_list_are_refused	2	6
tests/test_serve.py	1227	test_a_picture_sized_body_gets_through_and_a_bigger_one_does_not	1	11
tests/test_serve.py	1241	test_every_other_write_keeps_the_smaller_ceiling	1	6
tests/test_serve.py	1261	setUpClass	1	17
tests/test_serve.py	1283	tearDownClass	2	8
tests/test_serve.py	1292	setUp	2	4
tests/test_serve.py	1297	file	2	3
tests/test_serve.py	1301	ask	1	6
tests/test_serve.py	1308	test_an_empty_floor_is_an_empty_list_and_nothing_is_wrong	1	6
tests/test_serve.py	1315	test_every_raised_hand_is_listed_oldest_first_with_its_bot	4	11
tests/test_serve.py	1327	test_the_single_gate_is_the_first_of_the_list_in_the_old_shape	1	8
tests/test_serve.py	1338	test_answering_one_gate_leaves_the_other_one_listed	2	13
tests/test_serve.py	1356	test_answering_an_id_nobody_carries_is_409_and_writes_nothing	1	9
tests/test_serve.py	1366	test_an_unconfigured_runtime_says_so_rather_than_showing_a_clear_floor	1	7
tests/test_serve.py	1377	test_the_floor_is_listed_with_the_harness_closed	4	17
tests/test_serve.py	1403	test_a_torn_file_says_unreadable_and_still_lists_what_it_could_read	2	6
tests/test_serve.py	1426	__init__	1	2
tests/test_serve.py	1429	notice	1	2
tests/test_serve.py	1432	queued	2	2
tests/test_serve.py	1441	setUpClass	1	31
tests/test_serve.py	1479	tearDownClass	1	7
tests/test_serve.py	1487	setUp	1	3
tests/test_serve.py	1492	deliver	7	17
tests/test_serve.py	1510	get	3	10
tests/test_serve.py	1521	comment	1	6
tests/test_serve.py	1529	test_a_signed_delivery_is_taken_and_queued	2	10
tests/test_serve.py	1540	test_an_unsigned_delivery_is_refused	1	5
tests/test_serve.py	1546	test_a_delivery_signed_with_the_wrong_secret_is_refused	1	4
tests/test_serve.py	1551	test_a_body_altered_after_signing_is_refused	1	6
tests/test_serve.py	1560	test_no_secret_configured_answers_503_and_never_accepts_it	2	9
tests/test_serve.py	1573	test_a_body_over_a_megabyte_is_refused_before_anything_else	1	5
tests/test_serve.py	1579	test_a_body_that_is_not_json_is_refused_by_content_type	1	3
tests/test_serve.py	1583	test_a_delivery_with_no_id_is_refused_out_loud	1	4
tests/test_serve.py	1591	test_a_request_for_another_host_is_refused	1	4
tests/test_serve.py	1597	test_a_tailnet_host_with_no_login_header_is_still_taken	3	11
tests/test_serve.py	1611	test_a_forged_login_header_buys_nothing_here	1	7
tests/test_serve.py	1621	test_the_exemption_is_this_one_route_and_no_other	3	20
tests/test_serve.py	1644	test_a_redelivery_is_answered_200_and_does_nothing	1	8
tests/test_serve.py	1655	test_a_redelivery_of_one_that_was_refused_is_handled_fresh	1	7
tests/test_serve.py	1666	test_a_post_to_the_root_is_a_404_and_never_an_alias	2	14
tests/test_serve.py	1684	test_a_ping_says_hello_and_starts_nothing	1	7
tests/test_serve.py	1692	test_an_event_nobody_subscribed_this_code_to_is_noted_and_dropped	1	7
tests/test_serve.py	1700	test_our_own_comment_is_recorded_and_never_queued	1	7
tests/test_serve.py	1710	test_api_webhook_reports_the_mailbox	1	10
tests/test_serve.py	1721	test_api_webhook_is_behind_the_normal_door	2	16
tests/test_serve.py	1740	test_the_webhook_card_rides_in_the_world	1	6
tests/test_serve.py	1748	test_refreshing_one_desk_swaps_that_station_and_no_other	5	23
tests/test_serve.py	1757	test_refreshing_one_desk_swaps_that_station_and_no_other.fake_sh	5	9
tests/test_serve.py	1788	test_a_desk_that_cannot_be_fetched_keeps_what_it_had	2	8
tests/test_serve.py	1797	test_a_malformed_repo_never_reaches_github	2	3
tests/test_serve.py	1806	setUpClass	1	3
tests/test_serve.py	1811	world	3	6
tests/test_serve.py	1818	test_waiting_on_human_rows_come_first_and_counts_are_exact	5	8
tests/test_serve.py	1827	test_a_big_world_is_cut_to_budget_from_the_back	2	7
tests/test_serve.py	1847	setUpClass	1	3
tests/test_serve.py	1852	test_a_well_formed_block_is_read_and_junk_is_not	1	13
tests/test_serve.py	1866	test_a_block_is_capped	2	4
tests/test_serve.py	1878	decisions_setup	2	10
tests/test_serve.py	1889	decisions_teardown	1	5
tests/test_serve.py	1895	decided	1	3
tests/test_serve.py	1899	test_sphinx_block_is_applied_as_an_unblock_and_shown_on_the_roster	2	16
tests/test_serve.py	1916	test_only_sphinx_decides	2	10
tests/test_serve.py	1927	test_an_issue_not_on_the_wall_is_refused	2	10
tests/test_sessions.py	43	agent	1	7
tests/test_sessions.py	61	setUp	1	15
tests/test_sessions.py	103	with_agents	1	2
tests/test_sessions.py	106	argv	4	5
tests/test_sessions.py	114	test_no_hcom_is_its_own_state_and_never_an_empty_office	1	7
tests/test_sessions.py	125	test_hcom_answering_with_something_that_is_not_json_is_unreadable	1	5
tests/test_sessions.py	131	test_hcom_answering_with_nothing_running_is_a_real_answer	1	4
tests/test_sessions.py	136	test_a_hung_hcom_is_reported_rather_than_holding_the_door	1	8
tests/test_sessions.py	145	test_the_one_waiting_on_a_person_is_first	2	6
tests/test_sessions.py	154	test_live_counts_the_reachable_and_never_the_dead	2	7
tests/test_sessions.py	162	test_a_row_says_whether_a_message_would_ever_be_read	1	3
tests/test_sessions.py	166	test_a_bash_heredoc_in_a_status_never_becomes_the_whole_row	1	3
tests/test_sessions.py	170	test_filtering_by_desk_asks_for_one_repo_and_gets_one_repo	2	5
tests/test_sessions.py	176	test_a_session_in_a_folder_that_is_not_a_repo_still_gets_a_row	1	5
tests/test_sessions.py	182	test_by_desk_leaves_out_the_dead_and_the_deskless	1	5
tests/test_sessions.py	194	test_every_shape_a_github_remote_comes_in	2	6
tests/test_sessions.py	201	test_a_remote_that_is_not_github_has_no_desk	2	4
tests/test_sessions.py	208	test_a_message_to_a_dead_session_is_refused_and_never_sent	2	6
tests/test_sessions.py	217	test_a_message_to_a_session_hcom_never_heard_of_is_a_404	1	3
tests/test_sessions.py	221	test_a_message_reaches_hcom_on_stdin_and_never_in_argv	3	8
tests/test_sessions.py	231	test_a_blocked_agent_is_exactly_the_one_worth_answering	1	3
tests/test_sessions.py	235	test_hcom_failing_is_reported_as_a_failure_and_never_as_a_send	1	5
tests/test_sessions.py	241	test_a_name_that_is_not_a_name_never_reaches_argv	2	6
tests/test_sessions.py	248	test_an_empty_message_is_refused_before_anything_runs	2	6
tests/test_sessions.py	257	test_the_conversation_comes_back_in_the_office_s_own_words	1	11
tests/test_sessions.py	269	test_how_many_exchanges_is_clamped_rather_than_trusted	2	6
tests/test_sessions.py	276	test_a_bad_name_is_refused_before_hcom_is_run	1	3
tests/test_sessions.py	280	test_hcom_printing_prose_is_a_bad_gateway_not_an_empty_conversation	1	4
tests/test_sessions.py	287	test_the_terminal_is_read_and_never_typed_into	2	10
tests/test_sessions.py	300	setUp	1	7
tests/test_sessions.py	308	test_only_two_engines_exist_and_neither_is_taken_from_the_body	3	7
tests/test_sessions.py	316	test_a_directory_outside_the_vault_with_nothing_running_in_it_is_refused	2	7
tests/test_sessions.py	326	test_a_directory_that_is_not_there_is_refused_before_anything_runs	1	3
tests/test_sessions.py	330	test_a_folder_under_the_vault_is_allowed_and_runs_the_named_engine	1	7
tests/test_sessions.py	338	test_a_tbs_claude_launch_uses_the_tbs_account	1	9
tests/test_sessions.py	348	test_the_tbs_account_never_leaks_to_codex_or_another_desk	2	10
tests/test_sessions.py	359	test_a_missing_tbs_profile_falls_back_without_inventing_credentials	1	7
tests/test_sessions.py	367	test_the_tbs_credential_profile_is_never_a_launch_directory	2	10
tests/test_sessions.py	378	test_a_symlink_cannot_disguise_the_tbs_credential_profile	1	11
tests/test_sessions.py	390	test_a_folder_an_agent_already_runs_in_is_allowed_wherever_it_is	1	6
tests/test_sessions.py	399	test_a_desk_is_resolved_to_its_checkout_rather_than_guessed	1	8
tests/test_sessions.py	408	test_a_checkout_whose_folder_is_not_named_after_the_repo_is_still_found	1	5
tests/test_sessions.py	417	test_a_folder_that_shares_a_name_but_not_an_origin_is_not_the_checkout	2	8
tests/test_sessions.py	428	test_a_checkout_inside_another_checkout_is_found	2	9
tests/test_sessions.py	441	test_the_walk_does_not_descend_into_a_folder_that_holds_no_desk	1	5
tests/test_sessions.py	449	test_the_walk_still_refuses_a_folder_no_origin_claims	1	4
tests/test_sessions.py	454	test_a_desk_nobody_has_checked_out_says_so_rather_than_inventing_a_path	1	4
tests/test_sessions.py	459	test_a_repo_that_is_not_a_repo_name_is_refused	1	2
tests/test_sessions.py	462	test_an_engine_still_coming_up_is_accepted_and_not_called_a_failure	1	5
tests/test_sessions.py	471	test_an_engine_that_would_not_start_is_a_failure_with_its_own_words	1	4
tests/test_sessions.py	476	test_a_first_prompt_rides_along_when_there_is_one	1	5
tests/test_sessions.py	482	test_an_office_launch_runs_headless_so_the_request_can_return	1	4
tests/test_sessions.py	489	test_an_enormous_prompt_is_refused_rather_than_trimmed	1	4
tests/test_sessions.py	494	test_a_body_that_is_not_an_object_is_a_bad_request	2	4
tests/test_sessions.py	512	setUp	1	11
tests/test_sessions.py	524	test_the_vault_root_is_a_checkout_the_walk_can_see	1	3
tests/test_sessions.py	528	test_desk_dir_places_the_vault_root	1	2
tests/test_sessions.py	531	test_the_root_still_only_answers_to_its_own_origin	1	2
tests/test_sessions.py	535	test_a_checkout_under_the_root_still_wins_its_own_name	1	6
tests/test_sessions.py	551	setUp	1	9
tests/test_sessions.py	563	test_the_readme_comes_back_with_the_name_it_has_on_disk	1	7
tests/test_sessions.py	571	test_a_checkout_with_no_readme_says_so_rather_than_answering_blank	1	4
tests/test_sessions.py	576	test_a_desk_this_machine_does_not_have_is_its_own_answer	1	8
tests/test_sessions.py	585	test_a_door_with_no_vault_says_that_rather_than_blaming_the_desk	1	5
tests/test_sessions.py	594	test_an_enormous_readme_is_clipped_and_says_it_was	1	5
tests/test_sessions.py	600	test_a_readme_that_links_out_of_the_checkout_is_not_served	1	7
tests/test_sessions.py	610	test_nothing_a_caller_sends_can_become_part_of_a_path	2	7
tests/test_shoot_safety.py	14	run_unattended	2	9
tests/test_shoot_safety.py	24	test_unattended_run_is_refused	1	4
tests/test_shoot_safety.py	29	test_environment_variable_cannot_bypass_missing_terminal	1	4
tests/test_shoot_safety.py	34	test_the_refusal_names_the_unattended_way_through	1	3
tests/test_shoot_safety.py	40	test_offscreen_is_allowed_without_a_terminal	3	9
tests/test_sync.py	34	issue_node	2	10
tests/test_sync.py	46	pr_node	1	13
tests/test_sync.py	61	repo_node	1	5
tests/test_sync.py	72	__init__	2	4
tests/test_sync.py	77	token_for	3	4
tests/test_sync.py	82	save	1	2
tests/test_sync.py	95	setUp	1	18
tests/test_sync.py	120	set_receipts	2	4
tests/test_sync.py	125	fake_sh	11	14
tests/test_sync.py	140	default_reply	5	9
tests/test_sync.py	150	build	2	2
tests/test_sync.py	153	desk	3	2
tests/test_sync.py	156	asked	3	2
tests/test_sync.py	163	test_the_batch_becomes_the_shapes_the_app_decodes	3	30
tests/test_sync.py	200	test_a_long_body_is_trimmed_the_way_it_always_was	1	9
tests/test_sync.py	210	test_the_snapshot_reports_the_budget_it_spent	1	6
tests/test_sync.py	217	test_repo_names_travel_as_variables_not_as_query_text	2	7
tests/test_sync.py	229	test_23_repos_become_3_batches	3	10
tests/test_sync.py	240	test_every_page_of_open_pull_requests_reaches_the_desk	3	11
tests/test_sync.py	243	test_every_page_of_open_pull_requests_reaches_the_desk.response	1	11
tests/test_sync.py	255	test_every_page_of_open_pull_requests_reaches_the_desk.paged_sh	4	6
tests/test_sync.py	270	test_a_missing_continuation_cursor_never_presents_a_partial_list_as_all	1	6
tests/test_sync.py	271	test_a_missing_continuation_cursor_never_presents_a_partial_list_as_all.missing_cursor	2	8
tests/test_sync.py	285	test_pr_continuations_stop_before_spending_the_github_reserve	1	8
tests/test_sync.py	288	test_pr_continuations_stop_before_spending_the_github_reserve.low_reserve	2	10
tests/test_sync.py	305	test_two_logins_never_share_a_query	5	10
tests/test_sync.py	320	test_one_dead_repo_leaves_the_other_standing	1	14
tests/test_sync.py	337	test_a_desk_with_no_account_says_so_without_a_query	1	7
tests/test_sync.py	347	test_a_failed_batch_keeps_last_good_and_stamps_the_error	2	16
tests/test_sync.py	368	test_desks_json_round_trips_across_a_restart	4	19
tests/test_sync.py	390	test_the_cache_forgets_a_repo_that_lost_its_desk	1	6
tests/test_sync.py	399	test_a_hidden_repo_is_in_no_query_at_all	2	6
tests/test_sync.py	406	test_a_hidden_desk_still_exists_carrying_what_it_last_showed	2	10
tests/test_sync.py	417	test_hiding_a_repo_nobody_has_seen_is_allowed	1	3
tests/test_sync.py	423	test_unhiding_something_that_was_never_hidden_is_a_no_op	1	2
tests/test_sync.py	426	test_a_malformed_repo_never_reaches_the_file	2	5
tests/test_sync.py	432	test_two_hands_putting_desks_away_at_once_lose_neither	5	10
tests/test_sync.py	443	test_hidden_survives_the_file_being_nonsense	1	3
tests/test_sync.py	448	test_pins_keep_their_order_across_a_restart	1	7
tests/test_sync.py	456	test_a_pin_on_a_repo_with_no_desk_is_kept_and_harms_nothing	2	7
tests/test_sync.py	464	test_pins_drop_junk_and_duplicates_but_never_the_rest	1	4
tests/test_sync.py	469	test_pins_survive_the_file_being_nonsense	1	5
tests/test_sync.py	475	test_the_snapshot_says_whose_office_it_is	2	11
tests/test_sync.py	492	test_owners_add_desks_the_runner_never_reached	1	16
tests/test_sync.py	509	test_a_repo_moved_to_another_org_is_one_desk_under_its_new_name	2	11
tests/test_sync.py	526	test_running_low_pauses_before_the_next_query_goes_out	4	17
tests/test_sync.py	546	test_github_saying_rate_limit_pauses_at_once	1	7
tests/test_sync.py	554	test_a_paused_build_asks_github_nothing_and_still_builds	1	8
tests/test_sync.py	564	test_the_pause_lifts_by_itself_when_its_hour_is_up	1	8
tests/test_sync.py	575	test_a_pause_with_no_usable_reset_time_still_ends	2	6
tests/test_sync.py	584	test_the_reserve_is_configurable	2	7
tests/test_sync.py	596	test_fetch_issues_is_one_query_for_one_repo	2	5
tests/test_sync.py	602	test_fetch_issues_refuses_a_malformed_repo_without_running_anything	1	5
tests/test_sync.py	608	test_the_old_per_repo_commands_are_gone	2	6
tests/test_sync.py	621	setUp	1	4
tests/test_sync.py	626	record_sh	1	3
tests/test_sync.py	630	decide	1	4
tests/test_sync.py	635	test_a_comment_step_needs_words_and_an_issue	1	10
tests/test_sync.py	646	test_a_close_pick_closes_the_issue_now	4	9
tests/test_sync.py	657	test_edit_steps_per_kind	1	9
tests/test_sync.py	667	test_issue_steps_refuses_when_nothing_would_run	2	6
tests/test_sync.py	674	test_a_missing_label_is_not_a_failure	1	7
tests/test_sync.py	682	test_run_steps_dry_runs_nothing_and_stops_on_the_first_failure	1	7
tests/test_sync.py	690	test_an_unblock_comments_then_drops_the_label_as_this_login	2	6
tests/test_sync.py	697	test_a_repo_level_nudge_requeues_what_the_bot_sits_on	1	9
tests/test_sync.py	707	test_refusals_before_any_command_runs	1	6
tests/test_sync.py	718	setUp	1	7
tests/test_sync.py	726	test_the_table_routes_every_runtime_kind_and_nothing_else	1	4
tests/test_sync.py	731	test_a_permit_answers_the_gate_it_was_asked_about	1	12
tests/test_sync.py	744	test_chat_and_run_and_stop_post_to_the_runtime	1	11
tests/test_sync.py	756	test_a_runtime_that_refuses_is_reported_not_raised	1	6
tests/test_sync.py	757	test_a_runtime_that_refuses_is_reported_not_raised.refuse	1	2
tests/test_sync.py	768	test_the_body_is_a_dict_or_nothing	1	5
tests/test_sync.py	774	test_an_error_names_its_repo_or_sinks_the_batch	1	12
tests/test_sync.py	787	test_the_bot_last_word_travels_only_when_the_bot_spoke_last	1	7
tests/test_sync.py	795	test_the_link_to_what_the_bot_said_rides_on_the_issue_row	1	10
tests/test_sync.py	823	test_issue_rows_survive_a_day_of_surveys	8	17
tests/test_tower.py	23	wait_for	3	7
tests/test_tower.py	33	setUp	1	4
tests/test_tower.py	38	tearDown	2	5
tests/test_tower.py	44	plan	1	9
tests/test_tower.py	54	tick	1	2
tests/test_tower.py	57	run_until_quarantined	3	6
tests/test_tower.py	64	settle	3	6
tests/test_tower.py	73	test_a_due_plan_makes_a_task_then_a_flight_then_an_artifact	1	15
tests/test_tower.py	89	test_every_seconds_is_not_due_again_until_the_interval_passes	1	7
tests/test_tower.py	97	test_elapsed_intervals_do_not_queue_behind_an_active_flight	2	7
tests/test_tower.py	105	test_crash_between_queued_flight_and_running_task_does_not_duplicate	1	9
tests/test_tower.py	115	test_at_hhmm_is_due_once_that_day	1	8
tests/test_tower.py	124	test_on_event_fires_once_per_event	1	7
tests/test_tower.py	132	test_concurrency_caps_flights_in_the_air	2	6
tests/test_tower.py	139	test_concurrency_is_per_plan_not_global	2	8
tests/test_tower.py	150	test_a_duplicate_dedupe_key_is_rejected_not_run_twice	4	8
tests/test_tower.py	159	test_policy_can_refuse_a_task	1	6
tests/test_tower.py	166	test_a_quarantined_plan_accepts_nothing	1	6
tests/test_tower.py	173	test_an_accepted_task_with_no_flight_gets_one_after_a_crash	1	6
tests/test_tower.py	182	test_a_flight_past_its_timeout_fails_with_code_timeout	1	10
tests/test_tower.py	193	test_budget_cancellation_kills_background_work_before_releasing_its_lease	2	24
tests/test_tower.py	220	test_unconfirmed_budget_teardown_keeps_state_lease_and_workspace	1	12
tests/test_tower.py	235	test_a_failing_script_fails_with_its_exit_code_not_its_output	1	5
tests/test_tower.py	241	test_a_script_that_prints_error_and_exits_zero_succeeded	1	4
tests/test_tower.py	246	test_a_missing_declared_output_is_a_structured_failure	1	5
tests/test_tower.py	252	test_retries_stop_at_the_budget_and_the_task_is_abandoned	2	7
tests/test_tower.py	260	test_a_plan_quarantines_after_consecutive_failures	1	4
tests/test_tower.py	267	test_a_stopped_flight_records_cancellation_and_is_retried	1	14
tests/test_tower.py	282	test_a_malformed_result_is_a_structured_failure_not_a_crash	1	10
tests/test_tower.py	293	test_a_duplicate_tick_launches_nothing_twice	1	6
tests/test_tower.py	300	test_reconcile_notices_an_applying_landing_after_a_crash	2	12
tests/test_tower.py	315	test_two_plans_on_the_same_resource_do_not_fly_together	1	7
tests/test_tower.py	323	test_the_lease_is_released_when_the_flight_ends	1	4
tests/test_tower.py	330	test_pause_stops_launching_but_keeps_reconciling	1	8
tests/test_tower.py	339	test_status_reads_only_the_ledger	1	6
tests/test_tower.py	352	test_a_failed_flight_keeps_its_log_after_the_workspace_goes	3	11
tests/test_tower.py	364	test_workspace_survives_when_evidence_cannot_be_kept	3	13
tests/test_tower.py	380	test_a_released_plan_is_not_requarantined_for_the_same_failures	1	7
tests/test_type_scale.py	15	test_no_view_bypasses_the_shared_font_modifier	5	7
tests/test_type_scale.py	23	test_unstyled_text_in_the_window_and_menu_gets_the_scaled_default	1	3
tests/test_type_scale.py	27	test_the_font_modifier_reads_the_one_root_scale	1	4
tests/test_type_scale.py	32	test_symbols_and_layout_geometry_do_not_scale_with_type	6	15
tests/test_version.py	20	package_version	1	2
tests/test_version.py	24	project_field	3	5
tests/test_version.py	32	test_every_declaration_agrees	1	3
tests/test_version.py	36	test_the_version_is_semver	1	2
tests/test_version.py	39	test_the_build_number_is_a_monotonic_integer_not_the_version	1	3
tests/test_version.py	45	test_the_changelog_has_an_entry_for_this_version	1	4
tests/test_version.py	50	test_a_released_entry_is_never_still_the_generated_draft	1	5
tests/test_version.py	59	test_release_version_agrees_with_the_script	1	4
tests/test_webhook.py	43	issue_comment	1	9
tests/test_webhook.py	54	issues	1	8
tests/test_webhook.py	64	pull_request	1	10
tests/test_webhook.py	76	ping	1	3
tests/test_webhook.py	81	patch_env	3	9
tests/test_webhook.py	90	patch_env.stop	3	6
tests/test_webhook.py	109	test_githubs_own_vector	1	3
tests/test_webhook.py	113	test_the_wrong_secret_does_not_pass	1	2
tests/test_webhook.py	116	test_a_body_altered_after_signing_does_not_pass	1	3
tests/test_webhook.py	120	test_no_secret_never_passes_anything	1	3
tests/test_webhook.py	126	test_a_header_that_is_not_a_sha256_is_refused	2	5
tests/test_webhook.py	132	test_a_non_ascii_header_is_refused_rather_than_raising	1	2
tests/test_webhook.py	137	test_the_raw_bytes_are_what_is_signed	1	4
tests/test_webhook.py	146	test_a_comment_carries_its_author_and_its_issue	1	7
tests/test_webhook.py	154	test_the_comment_author_wins_over_the_sender	1	4
tests/test_webhook.py	159	test_an_issue_carries_its_number	1	3
tests/test_webhook.py	163	test_a_merged_pull_request_says_so_and_names_what_it_closes	1	5
tests/test_webhook.py	169	test_a_closed_pull_request_that_did_not_merge_is_not_merged	1	3
tests/test_webhook.py	173	test_merged_is_only_read_on_closed	1	3
tests/test_webhook.py	179	test_a_ping_parses_and_carries_nothing_to_act_on	1	4
tests/test_webhook.py	184	test_anything_else_is_none	2	6
tests/test_webhook.py	192	test_a_repo_that_is_not_owner_slash_name_is_refused_at_the_door	2	3
tests/test_webhook.py	198	test_the_marker_is_read_off_a_comment_and_off_an_issue	1	5
tests/test_webhook.py	204	test_a_pull_request_body_is_never_read_for_the_marker	1	5
tests/test_webhook.py	217	test_our_own_comment_never_triggers	1	5
tests/test_webhook.py	224	test_a_comment_carrying_our_marker_never_triggers	1	5
tests/test_webhook.py	232	test_a_human_comment_triggers	1	3
tests/test_webhook.py	236	test_a_ping_never_triggers	1	2
tests/test_webhook.py	239	test_a_merged_pull_request_triggers_even_though_we_merged_it	1	3
tests/test_webhook.py	245	test_only_the_four_pull_request_actions_trigger	3	7
tests/test_webhook.py	253	test_nothing_triggers_on_nothing	1	2
tests/test_webhook.py	258	setUp	1	5
tests/test_webhook.py	264	test_a_delivery_is_seen_only_after_it_is_remembered	1	5
tests/test_webhook.py	270	test_the_seen_set_survives_the_process	1	3
tests/test_webhook.py	276	test_remembering_twice_does_not_grow_it	1	4
tests/test_webhook.py	281	test_the_seen_set_is_bounded_and_keeps_the_newest	2	8
tests/test_webhook.py	290	test_an_unreadable_seen_set_reads_as_empty_rather_than_refusing	1	6
tests/test_webhook.py	297	test_a_refused_delivery_is_handled_fresh_next_time	1	8
tests/test_webhook.py	309	test_a_delivery_in_flight_cannot_be_claimed_twice	1	3
tests/test_webhook.py	315	test_a_refusal_is_never_written_down	2	5
tests/test_webhook.py	324	test_the_outcome_travels_to_disk	1	4
tests/test_webhook.py	329	test_an_empty_delivery_id_is_never_seen_and_never_stored	1	4
tests/test_webhook.py	334	test_events_are_one_line_each_and_carry_whether_they_fired	2	9
tests/test_webhook.py	344	test_the_event_log_is_trimmed_at_the_ceiling_not_at_the_keep	2	10
tests/test_webhook.py	355	test_runs_are_their_own_file	1	4
tests/test_webhook.py	362	test_the_four_shapes_git_hands_back	2	6
tests/test_webhook.py	369	test_a_trailing_slash_and_a_missing_dot_git_are_both_fine	1	3
tests/test_webhook.py	373	test_a_remote_that_is_not_github_is_not_a_match	2	4
tests/test_webhook.py	382	git	1	2
tests/test_webhook.py	389	setUp	1	4
tests/test_webhook.py	394	repo	1	6
tests/test_webhook.py	401	test_a_checkout_is_found_by_its_origin	1	6
tests/test_webhook.py	408	test_a_checkout_its_parent_gitignores_is_skipped	1	7
tests/test_webhook.py	418	test_the_origin_comes_from_the_pipelines_own_resolver	1	7
tests/test_webhook.py	429	test_without_the_resolver_the_remote_is_read_directly	1	4
tests/test_webhook.py	435	test_a_resolver_that_prints_nonsense_is_ignored	1	5
tests/test_webhook.py	441	test_a_repo_with_no_github_origin_is_not_in_the_map	1	3
tests/test_webhook.py	445	test_a_vault_that_is_not_there_is_an_empty_map_not_a_crash	1	2
tests/test_webhook.py	452	__init__	1	4
tests/test_webhook.py	457	__call__	1	4
tests/test_webhook.py	464	setUp	1	9
tests/test_webhook.py	474	trigger	1	8
tests/test_webhook.py	483	until	3	7
tests/test_webhook.py	491	test_three_events_in_one_window_are_one_act	2	16
tests/test_webhook.py	510	test_two_repos_are_two_acts	2	7
tests/test_webhook.py	518	test_the_desk_is_refreshed_once_per_act	1	4
tests/test_webhook.py	523	test_a_repo_with_no_checkout_still_refreshes_its_desk	1	9
tests/test_webhook.py	535	test_a_merged_pull_request_writes_a_receipt_for_the_issue_it_closes	2	11
tests/test_webhook.py	547	test_a_merged_pull_request_that_closes_nothing_falls_back_to_its_own_number	2	5
tests/test_webhook.py	553	test_a_pull_request_that_did_not_merge_writes_no_receipt	1	5
tests/test_webhook.py	559	test_the_receipt_is_written_before_the_dispatch_runs	1	7
tests/test_webhook.py	564	test_the_receipt_is_written_before_the_dispatch_runs.slow	1	3
tests/test_webhook.py	573	test_no_receipts_file_configured_is_not_a_crash	1	6
tests/test_webhook.py	583	test_nothing_ever_runs_two_at_once	2	15
tests/test_webhook.py	592	test_nothing_ever_runs_two_at_once.blocking	1	8
tests/test_webhook.py	611	test_a_second_event_for_a_running_repo_waits_its_turn	2	15
tests/test_webhook.py	617	test_a_second_event_for_a_running_repo_waits_its_turn.blocking	1	7
tests/test_webhook.py	636	test_a_held_pipeline_lock_means_nothing_is_spawned_at_all	1	14
tests/test_webhook.py	655	test_a_dead_pid_in_the_lock_file_is_not_busy	1	8
tests/test_webhook.py	665	test_a_torn_or_missing_lock_file_is_not_busy	1	8
tests/test_webhook.py	674	test_an_exit_zero_that_did_nothing_is_not_believed	1	10
tests/test_webhook.py	679	test_an_exit_zero_that_did_nothing_is_not_believed.quick	1	4
tests/test_webhook.py	693	test_a_real_run_that_exits_zero_quickly_is_believed	1	8
tests/test_webhook.py	704	test_a_requeue_does_not_write_the_receipt_twice	1	8
tests/test_webhook.py	715	test_a_malformed_repo_is_never_queued	1	8
tests/test_webhook.py	724	test_a_dispatch_that_blows_up_does_not_take_the_office_with_it	1	8
tests/test_webhook.py	725	test_a_dispatch_that_blows_up_does_not_take_the_office_with_it.boom	1	2
tests/test_webhook.py	739	setUp	1	5
tests/test_webhook.py	745	test_it_runs_dispatch_with_repo_and_never_without	1	10
tests/test_webhook.py	758	test_a_missing_script_is_reported_rather_than_pretended	1	6
tests/test_webhook.py	765	test_only_the_last_lines_of_a_long_log_are_kept	1	10
tests/test_webhook.py	780	setUp	1	11
tests/test_webhook.py	792	restore	1	4
tests/test_webhook.py	797	source	2	7
tests/test_webhook.py	811	test_unconfigured_says_so_and_asks_nobody_for_anything	1	8
tests/test_webhook.py	820	test_configured_and_never_delivered_is_its_own_state	1	7
tests/test_webhook.py	830	test_no_public_path_is_not_the_same_room_as_silence	2	11
tests/test_webhook.py	848	test_a_door_with_deliveries_is_never_asked_about_its_path	2	10
tests/test_webhook.py	861	test_a_delivered_event_shows_up_with_its_age	2	18
tests/test_webhook.py	880	test_a_run_of_refused_signatures_wants_a_person	3	9
tests/test_webhook.py	892	test_one_good_signature_clears_the_run	1	4
tests/test_webhook.py	897	test_the_queue_is_read_off_the_trigger_and_is_empty_without_one	2	11
tests/test_webhook.py	909	test_the_card_holds_the_contract_every_other_card_holds	2	8
tests/test_work.py	17	setUp	1	48
tests/test_work.py	66	github	9	18
tests/test_work.py	85	run_work	1	2
tests/test_work.py	88	calls	3	3
tests/test_work.py	92	test_default_route_delivers_with_proof	1	6
tests/test_work.py	99	test_failure_is_local_and_evidence_survives	4	8
tests/test_work.py	108	test_open_pr_is_passed_to_executor_for_resume	1	5
tests/test_work.py	114	test_nested_registry_deduplicates_canonical_repository	1	5
tests/test_work.py	120	test_null_workspace_remains_unavailable_and_never_executes_in_cwd	1	12
tests/test_work.py	133	test_inventory_offloaded_directory_is_not_a_checkout	1	5
tests/test_work.py	139	test_intake_survives_source_window	1	7
tests/test_work.py	147	test_cancel_direct_claim_does_not_signal_desktop_owner	1	8
tests/test_work.py	156	test_cancel_work_kills_recorded_session_and_releases_lease	5	19
tests/test_work.py	176	test_cancel_separate_runner_confirms_it_exited_before_release	5	20
tests/test_work.py	197	test_repeat_unconfirmed_cancellation_keeps_lease_without_transition_error	2	9
tests/test_work.py	207	test_explicit_recovery_claim_preserves_abandoned_generation	2	23
tests/test_work.py	231	test_direct_claim_survives_expiry_and_tower_tick	1	10
tests/test_work.py	242	test_delivery_crash_and_api_outage_never_replays	1	14
tests/test_work.py	257	test_unknown_and_api_error_are_failures	1	7
tests/test_work.py	265	test_rc_zero_without_outcome_cannot_close	1	4
tests/test_work.py	270	test_conflicting_routes_fail_without_execution	1	5
tests/test_work.py	276	test_closure_outage_retries_closure_only	1	7
tests/test_work.py	284	test_status_does_not_create_a_ledger_or_hydrate	1	6
tests/test_work.py	291	test_verify_outage_after_execution_never_replays	1	14
tests/test_work.py	306	test_office_projects_failed_attempts	3	9
tests/test_work.py	316	test_office_names_registry_coverage_separately_from_desks	3	6
tests/test_work.py	323	test_capture_all_execute_only_ready	4	7
tests/test_work.py	331	test_unknown_selector_fails	1	3
tests/test_work.py	335	test_conveyor_backoff_is_shared	1	5
tests/test_work.py	341	test_independent_resource_claim_is_owned	1	7
tests/test_work.py	349	test_dead_direct_claim_is_not_release_authority	1	6
tests/test_work.py	356	test_conveyor_steps_and_case_preserve_backoff	2	6
tests/test_work.py	363	test_existing_pr_direct_claim_prevents_execution	1	4
tests/test_work.py	368	test_independent_repository_survives_failure	2	6
tests/test_work.py	375	test_executor_budget_still_allows_reconciliation	1	11
tests/test_work.py	387	test_disabled_missing_repository_visible_without_hydration	1	7
tests/test_work.py	395	test_hold_added_during_verification_prevents_execution	1	6
tests/test_work.py	397	test_hold_added_during_verification_prevents_execution.hold	1	4
tests/test_work.py	405	test_client_workspace_cannot_be_released_by_pid	1	7
tests/test_work.py	413	test_adapter_timeout_retains_failure_log	2	6
tests/test_work.py	420	test_conveyor_success_is_not_delivery_proof	1	6
tests/test_work.py	427	test_retry_requires_authoritative_clearance	1	8
tests/test_work.py	436	test_tower_preserves_failed_product_workspace	1	10
tests/test_work.py	447	test_closed_issue_after_delivery_crash_reconciles_without_execution	1	11
tests/test_work.py	459	test_closed_uncertain_issue_without_proof_never_executes	1	9
tests/test_work.py	469	test_in_pr_pending_rechecks_without_executor_or_failure	1	17
tests/test_work.py	487	test_historical_hold_reconciles_after_release_but_active_owner_survives	1	11
tests/test_work.py	499	test_verified_source_continuation_is_pending_not_failed	1	10
tests/test_work.py	510	test_source_continuation_with_foreign_identity_cannot_hide_failure	1	8
tests/test_work.py	519	test_source_continuation_without_evidence_cannot_hide_failure	1	6
tests/test_work.py	526	test_malformed_source_evidence_does_not_suppress_failures	2	12
tests/test_work.py	539	test_fair_bounded_selection_across_repositories	3	7
tests/test_work.py	547	test_single_item_keeps_execution_budget_and_rotates_repositories	3	10
tests/test_work.py	558	test_budget_prevents_launch_and_reserves_other_repository_time	3	15
tests/test_work.py	574	test_current_dispositions_retain_held_and_cancelled	1	6
tests/test_work.py	581	test_executor_pending_is_not_failure_and_later_proof_finishes	1	11
tests/test_work.py	593	test_future_backoff_does_not_spend_selection_capacity	3	6
tests/test_work.py	600	test_aging_and_urgent_selection	4	7
tests/test_work.py	608	test_office_pending_reason_replaces_historical_failure	3	13
tests/test_work.py	622	test_pending_execution_requires_retry_clearance_when_ready_remains	1	8
tests/test_work.py	631	test_historical_started_requires_adapter_clearance	1	6
tests/test_work.py	638	test_done_obligations_do_not_consume_future_budget	2	6
tests/test_work.py	645	test_old_unready_backlog_does_not_starve_new_ready_with_one_slot	8	16
tests/test_work.py	662	test_live_eligibility_change_leaves_slot_for_next_ready	3	8
tests/test_work.py	665	test_live_eligibility_change_leaves_slot_for_next_ready.changed	3	4
tests/test_work.py	674	test_spaced_tbs_in_pr_label_resumes_pending_proof	1	7
